node_idx,old_node_idx,GDSC_Cell,DepMap_ModelID,SIDM,DepMap_CellLineName,DepMap_StrippedCellLineName,COSMICID,CCLEName
0,0,SIDM00940,ACH-000212,SIDM00940,CAL-120,CAL120,906826.0,CAL120_BREAST
1,1,SIDM00933,ACH-000856,SIDM00933,CAL-51,CAL51,910927.0,CAL51_BREAST
2,2,SIDM00797,ACH-000788,SIDM00797,A2058,A2058,906792.0,A2058_SKIN
3,3,SIDM00882,ACH-000277,SIDM00882,HCC1419,HCC1419,907045.0,HCC1419_BREAST
4,4,SIDM00890,ACH-000580,SIDM00890,C32,C32,906830.0,C32_SKIN
5,5,SIDM00676,ACH-000547,SIDM00676,HT-1197,HT1197,907065.0,HT1197_URINARY_TRACT
6,6,SIDM00529,ACH-000621,SIDM00529,MDA-MB-157,MDAMB157,925338.0,MDAMB157_BREAST
7,7,SIDM00225,ACH-002143,SIDM00225,IST-MEL1,ISTMEL1,907172.0,ISTMEL1_SKIN
8,8,SIDM00807,ACH-000905,SIDM00807,5637,5637,687452.0,5637_URINARY_TRACT
9,9,SIDM00125,ACH-000649,SIDM00125,786-O,786O,905947.0,786O_KIDNEY
10,10,SIDM00291,ACH-002040,SIDM00291,HMV-II,HMVII,,HMVII_SKIN
11,11,SIDM00136,ACH-000552,SIDM00136,HT-29,HT29,905939.0,HT29_LARGE_INTESTINE
12,12,SIDM00898,ACH-000248,SIDM00898,AU565,AU565,910704.0,AU565_BREAST
13,13,SIDM00925,ACH-000638,SIDM00925,NCI-H441,NCIH441,908460.0,NCIH441_LUNG
14,14,SIDM01155,ACH-000437,SIDM01155,SW 1088,SW1088,909745.0,SW1088_CENTRAL_NERVOUS_SYSTEM
15,15,SIDM00224,ACH-000569,SIDM00224,IST-MES1,ISTMES1,907173.0,ISTMES1_PLEURA
16,16,SIDM00783,ACH-000971,SIDM00783,HCT 116,HCT116,905936.0,HCT116_LARGE_INTESTINE
17,17,SIDM01027,ACH-000865,SIDM01027,KYSE-450,KYSE450,907320.0,KYSE450_OESOPHAGUS
18,18,SIDM00713,ACH-000153,SIDM00713,NCI-H2052,NCIH2052,688058.0,NCIH2052_PLEURA
19,19,SIDM00720,ACH-000648,SIDM00720,NCI-H28,NCIH28,908470.0,NCIH28_PLEURA
20,20,SIDM00718,ACH-000860,SIDM00718,NCI-H358,NCIH358,908465.0,NCIH358_LUNG
21,21,SIDM00490,ACH-001016,SIDM00490,Becker,BECKER,906746.0,BECKER_CENTRAL_NERVOUS_SYSTEM
22,22,SIDM01086,ACH-000874,SIDM01086,RS4;11,RS411,909703.0,RS411_HAEMATOPOIETIC_AND_LYMPHOID_TISSUE
23,23,SIDM01119,ACH-000775,SIDM01119,NCI-H727,NCIH727,724855.0,NCIH727_LUNG
24,24,SIDM00649,ACH-000510,SIDM00649,NCI-H1299,NCIH1299,724831.0,NCIH1299_LUNG
25,25,SIDM00515,ACH-000401,SIDM00515,COLO-800,COLO800,906813.0,COLO800_SKIN
26,26,SIDM01084,ACH-000410,SIDM01084,Saos-2,SAOS2,909707.0,SAOS2_BONE
27,27,SIDM01150,ACH-000416,SIDM01150,NCI-H838,NCIH838,910399.0,NCIH838_LUNG
28,28,SIDM00660,ACH-000985,SIDM00660,LS411N,LS411N,907794.0,LS411N_LARGE_INTESTINE
29,29,SIDM01090,ACH-000943,SIDM01090,RKO,RKO,909698.0,RKO_LARGE_INTESTINE
30,30,SIDM01087,ACH-000348,SIDM01087,RPMI-7951,RPMI7951,910903.0,RPMI7951_SKIN
31,31,SIDM01000,ACH-000304,SIDM01000,WM-115,WM115,909784.0,WM115_SKIN
32,32,SIDM00756,ACH-000886,SIDM00756,NCI-H2009,NCIH2009,724873.0,NCIH2009_LUNG
33,33,SIDM00888,ACH-000055,SIDM00888,D283 Med,D283MED,906834.0,D283MED_CENTRAL_NERVOUS_SYSTEM
34,34,SIDM00999,ACH-000973,SIDM00999,639-V,639V,906798.0,639V_URINARY_TRACT
35,35,SIDM00722,ACH-000092,SIDM00722,NCI-H2452,NCIH2452,908462.0,NCIH2452_PLEURA
36,36,SIDM00107,ACH-000425,SIDM00107,UACC-62,UACC62,905976.0,UACC62_SKIN
37,37,SIDM01001,ACH-000258,SIDM01001,Du4475,DU4475,906844.0,DU4475_BREAST
38,38,SIDM00394,ACH-001650,SIDM00394,SISO,SISO,1240212.0,SISO_CERVIX
39,39,SIDM00618,ACH-000620,SIDM00618,JHH-1,JHH1,1298151.0,JHH1_LIVER
40,40,SIDM00956,ACH-000717,SIDM00956,COLO-680N,COLO680N,906817.0,COLO680N_OESOPHAGUS
41,41,SIDM00538,ACH-001497,SIDM00538,ESO51,ESO51,1503367.0,ESO51_OESOPHAGUS
42,42,SIDM00942,ACH-000518,SIDM00942,CAL-33,CAL33,753541.0,CAL33_UPPER_AERODIGESTIVE_TRACT
43,43,SIDM00936,ACH-000142,SIDM00936,CAL-29,CAL29,1290730.0,CAL29_URINARY_TRACT
44,44,SIDM00108,ACH-000579,SIDM00108,UACC-257,UACC257,905977.0,UACC257_SKIN
45,45,SIDM01140,ACH-001374,SIDM01140,PA-1 [PA1],PA1,909255.0,PA1_OVARY
46,46,SIDM01009,ACH-000259,SIDM01009,KELLY,KELLY,753618.0,KELLY_AUTONOMIC_GANGLIA
47,47,SIDM01122,ACH-000853,SIDM01122,NCI-H661,NCIH661,687829.0,NCIH661_LUNG
48,48,SIDM00261,ACH-002109,SIDM00261,ES8,ES8,949155.0,ES8_BONE
49,49,SIDM00983,ACH-000896,SIDM00983,647-V,647V,906797.0,647V_URINARY_TRACT
50,50,SIDM00222,ACH-000319,SIDM00222,MPP 89,MPP89,908150.0,MPP89_PLEURA
51,51,SIDM01060,ACH-000882,SIDM01060,IGR-1,IGR1,907169.0,IGR1_SKIN
52,52,SIDM00715,ACH-000521,SIDM00715,NCI-H2030,NCIH2030,722045.0,NCIH2030_LUNG
53,53,SIDM00826,ACH-001039,SIDM00826,COLO 205,COLO205,905961.0,COLO205_LARGE_INTESTINE
54,54,SIDM00989,ACH-000802,SIDM00989,BFTC-905,BFTC905,910926.0,BFTC905_URINARY_TRACT
55,55,SIDM00447,ACH-000960,SIDM00447,Reh,REH,909696.0,REH_HAEMATOPOIETIC_AND_LYMPHOID_TISSUE
56,56,SIDM00426,ACH-000100,SIDM00426,RH-41,RH41,1240210.0,RH41_SOFT_TISSUE
57,57,SIDM01136,ACH-000417,SIDM01136,Panc 08.13,PANC0813,925347.0,PANC0813_PANCREAS
58,58,SIDM00115,ACH-002298,SIDM00115,PCI-6A,PCI6A,1240206.0,PCI6A_UPPER_AERODIGESTIVE_TRACT
59,59,SIDM00771,ACH-000496,SIDM00771,NCI-H1792,NCIH1792,724868.0,NCIH1792_LUNG
60,60,SIDM00645,ACH-000666,SIDM00645,NCI-H1355,NCIH1355,724866.0,NCIH1355_LUNG
61,61,SIDM00654,ACH-000866,SIDM00654,NCI-H1048,NCIH1048,687995.0,NCIH1048_LUNG
62,62,SIDM00480,ACH-000704,SIDM00480,OAW42,OAW42,910548.0,OAW42_OVARY
63,63,SIDM00477,ACH-000383,SIDM00477,OE33,OE33,910549.0,OE33_OESOPHAGUS
64,64,SIDM00090,ACH-000696,SIDM00090,OVCAR-8,OVCAR8,905991.0,OVCAR8_OVARY
65,65,SIDM01085,ACH-000242,SIDM01085,RT4,RT4,687455.0,RT4_URINARY_TRACT
66,66,SIDM01135,ACH-000060,SIDM01135,Panc 10.05,PANC1005,925348.0,PANC1005_PANCREAS
67,67,SIDM00473,ACH-000619,SIDM00473,PE/CA-PJ15,PECAPJ15,1240207.0,PECAPJ15_UPPER_AERODIGESTIVE_TRACT
68,68,SIDM00763,ACH-000434,SIDM00763,NCI-H1915,NCIH1915,1240184.0,NCIH1915_LUNG
69,69,SIDM00446,ACH-000113,SIDM00446,OCI-AML2,OCIAML2,910947.0,OCIAML2_HAEMATOPOIETIC_AND_LYMPHOID_TISSUE
70,70,SIDM00567,ACH-000776,SIDM00567,ONS-76,ONS76,909248.0,ONS76_CENTRAL_NERVOUS_SYSTEM
71,71,SIDM00564,ACH-000527,SIDM00564,OVISE,OVISE,1240198.0,OVISE_OVARY
72,72,SIDM01089,ACH-000371,SIDM01089,RL,RL,910861.0,RL_HAEMATOPOIETIC_AND_LYMPHOID_TISSUE
73,73,SIDM00402,ACH-000473,SIDM00402,RT-112,RT112,909704.0,RT112_URINARY_TRACT
74,74,SIDM00453,ACH-000023,SIDM00453,PA-TU-8988T,PATU8988T,1240201.0,PATU8988T_PANCREAS
75,75,SIDM00451,ACH-000937,SIDM00451,PF-382,PF382,909260.0,PF382_HAEMATOPOIETIC_AND_LYMPHOID_TISSUE
76,76,SIDM00755,ACH-000888,SIDM00755,NCI-H1793,NCIH1793,908463.0,NCIH1793_LUNG
77,77,SIDM00566,ACH-001625,SIDM00566,OSC-19,OSC19,1298362.0,OSC19_UPPER_AERODIGESTIVE_TRACT
78,78,SIDM00358,ACH-000144,SIDM00358,RERF-GC-1B,RERFGC1B,1240209.0,RERFGC1B_STOMACH
79,79,SIDM00352,ACH-000719,SIDM00352,RMG-I,RMGI,909699.0,RMGI_OVARY
80,80,SIDM00401,ACH-000614,SIDM00401,RVH-421,RVH421,909706.0,RVH421_SKIN
81,81,SIDM00237,ACH-000030,SIDM00237,PC-14,PC14,753608.0,PC14_LUNG
82,82,SIDM01132,ACH-001711,SIDM01132,PFSK-1,PFSK1,683667.0,PFSK1_CENTRAL_NERVOUS_SYSTEM
83,83,SIDM00748,ACH-000015,SIDM00748,NCI-H1581,NCIH1581,908471.0,NCIH1581_LUNG
84,84,SIDM00457,ACH-000024,SIDM00457,OPM-2,OPM2,909249.0,OPM2_HAEMATOPOIETIC_AND_LYMPHOID_TISSUE
85,85,SIDM00465,ACH-002183,SIDM00465,OVMIU,OVMIU,1240200.0,OVMIU_OVARY
86,86,SIDM00359,ACH-000565,SIDM00359,RCM-1,RCM1,909263.0,RCM1_LARGE_INTESTINE
87,88,SIDM00653,ACH-000514,SIDM00653,NCI-H1092,NCIH1092,687997.0,NCIH1092_LUNG
88,89,SIDM00749,ACH-000916,SIDM00749,NCI-H1573,NCIH1573,908472.0,NCIH1573_LUNG
89,90,SIDM00353,ACH-000505,SIDM00353,RKN,RKN,1298539.0,RKN_SOFT_TISSUE
90,91,SIDM00565,ACH-001626,SIDM00565,OSC-20,OSC20,1240196.0,OSC20_UPPER_AERODIGESTIVE_TRACT
91,92,SIDM00469,ACH-000320,SIDM00469,PSN1,PSN1,910546.0,PSN1_PANCREAS
92,93,SIDM00044,ACH-002295,SIDM00044,PCI-30,PCI30,1298529.0,PCI30_UPPER_AERODIGESTIVE_TRACT
93,94,SIDM00746,ACH-000766,SIDM00746,NCI-H1648,NCIH1648,687799.0,NCIH1648_LUNG
94,95,SIDM01141,ACH-000291,SIDM01141,OV-90,OV90,1240197.0,OV90_OVARY
95,96,SIDM00354,ACH-000442,SIDM00354,RERF-LC-Sq1,RERFLCSQ1,1298538.0,RERFLCSQ1_LUNG
96,97,SIDM00364,ACH-002059,SIDM00364,P30/OHK,P30OHK,,P30OHK_HAEMATOPOIETIC_AND_LYMPHOID_TISSUE
97,98,SIDM00270,ACH-002294,SIDM00270,PCI-15A,PCI15A,1240204.0,PCI15A_UPPER_AERODIGESTIVE_TRACT
98,99,SIDM00481,ACH-000116,SIDM00481,OAW28,OAW28,946360.0,OAW28_OVARY
99,100,SIDM00750,ACH-000869,SIDM00750,NCI-H1568,NCIH1568,1298348.0,NCIH1568_LUNG
100,101,SIDM00241,ACH-002179,SIDM00241,OCUB-M,OCUBM,909256.0,OCUBM_BREAST
101,102,SIDM00091,ACH-001151,SIDM00091,OVCAR-5,OVCAR5,905969.0,OVCAR5_OVARY
102,103,SIDM00762,ACH-000414,SIDM00762,NCI-H1944,NCIH1944,1240185.0,NCIH1944_LUNG
103,104,SIDM00847,ACH-000169,SIDM00847,RD,RD,909264.0,RD_SOFT_TISSUE
104,105,SIDM00087,ACH-000817,SIDM00087,RPMI 8226,RPMI8226,905964.0,RPMI8226_HAEMATOPOIETIC_AND_LYMPHOID_TISSUE
105,106,SIDM01138,ACH-000139,SIDM01138,Panc 03.27,PANC0327,925346.0,PANC0327_PANCREAS
106,107,SIDM00155,ACH-002296,SIDM00155,PCI-38,PCI38,1240205.0,PCI38_UPPER_AERODIGESTIVE_TRACT
107,108,SIDM00220,ACH-000962,SIDM00220,OC 314,OC314,909257.0,OC314_OVARY
108,109,SIDM00758,ACH-001137,SIDM00758,NCI-H1993,NCIH1993,908476.0,NCIH1993_LUNG
109,110,SIDM00651,ACH-000980,SIDM00651,NCI-H1155,NCIH1155,908467.0,NCIH1155_LUNG
110,111,SIDM00478,ACH-000544,SIDM00478,OE21,OE21,1298359.0,OE21_OESOPHAGUS
111,112,SIDM00239,ACH-000159,SIDM00239,OS-RC-2,OSRC2,909250.0,OSRC2_KIDNEY
112,113,SIDM01025,ACH-000637,SIDM01025,KYSE-520,KYSE520,753575.0,KYSE520_OESOPHAGUS
113,114,SIDM00554,ACH-000524,SIDM00554,KURAMOCHI,KURAMOCHI,909975.0,KURAMOCHI_OVARY
114,115,SIDM00612,ACH-002257,SIDM00612,KINGS-1,KINGS1,907279.0,KINGS1_CENTRAL_NERVOUS_SYSTEM
115,116,SIDM00344,ACH-000596,SIDM00344,LCLC-97TM1,LCLC97TM1,946361.0,LCLC97TM1_LUNG
116,117,SIDM00296,ACH-002051,SIDM00296,Lu-134-A,LU134A,,LU134A_LUNG
117,118,SIDM00341,ACH-000176,SIDM00341,LOU-NH91,LOUNH91,1298226.0,LOUNH91_LUNG
118,119,SIDM01055,ACH-000098,SIDM01055,GAMG,GAMG,906868.0,GAMG_CENTRAL_NERVOUS_SYSTEM
119,120,SIDM00333,ACH-000988,SIDM00333,MFE-319,MFE319,1240174.0,MFE319_ENDOMETRIUM
120,122,SIDM00686,ACH-000293,SIDM00686,KLE,KLE,924187.0,KLE_ENDOMETRIUM
121,123,SIDM00687,ACH-000793,SIDM00687,KATO III,KATOIII,907276.0,KATOIII_STOMACH
122,124,SIDM01003,ACH-000101,SIDM01003,KE-37,KE37,907277.0,KE37_HAEMATOPOIETIC_AND_LYMPHOID_TISSUE
123,125,SIDM00345,ACH-000627,SIDM00345,LCLC-103H,LCLC103H,753586.0,LCLC103H_LUNG
124,126,SIDM00313,ACH-000702,SIDM00313,L-1236,L1236,1330935.0,L1236_HAEMATOPOIETIC_AND_LYMPHOID_TISSUE
125,127,SIDM00537,ACH-001345,SIDM00537,GP5d,GP5D,907291.0,GP5D_LARGE_INTESTINE
126,128,SIDM00332,ACH-001819,SIDM00332,MFM-223,MFM223,,MFM223_BREAST
127,129,SIDM01029,ACH-000873,SIDM01029,KYSE-270,KYSE270,907319.0,KYSE270_OESOPHAGUS
128,130,SIDM01028,ACH-000809,SIDM01028,KYSE-410,KYSE410,753574.0,KYSE410_OESOPHAGUS
129,131,SIDM00571,ACH-000108,SIDM00571,KP-3,KP3,1298219.0,KP3_PANCREAS
130,132,SIDM00312,ACH-000183,SIDM00312,L-363,L363,924239.0,L363_HAEMATOPOIETIC_AND_LYMPHOID_TISSUE
131,133,SIDM00684,ACH-000595,SIDM00684,LN-229,LN229,1240169.0,LN229_CENTRAL_NERVOUS_SYSTEM
132,134,SIDM00860,ACH-000846,SIDM00860,FaDu,FADU,906863.0,FADU_UPPER_AERODIGESTIVE_TRACT
133,135,SIDM00856,ACH-000096,SIDM00856,G-401,G401,907299.0,G401_SOFT_TISSUE
134,136,SIDM00273,ACH-000756,SIDM00273,GI-1,GI1,906871.0,GI1_CENTRAL_NERVOUS_SYSTEM
135,137,SIDM01026,ACH-000824,SIDM01026,KYSE-510,KYSE510,907321.0,KYSE510_OESOPHAGUS
136,138,SIDM00308,ACH-000074,SIDM00308,KU812,KU812,907311.0,KU812_HAEMATOPOIETIC_AND_LYMPHOID_TISSUE
137,139,SIDM01004,ACH-000983,SIDM01004,KCL-22,KCL22,1330931.0,KCL22_HAEMATOPOIETIC_AND_LYMPHOID_TISSUE
138,140,SIDM00339,ACH-000787,SIDM00339,LXF-289,LXF289,753592.0,LXF289_LUNG
139,141,SIDM00685,ACH-000819,SIDM00685,LN-18,LN18,1240168.0,LN18_CENTRAL_NERVOUS_SYSTEM
140,142,SIDM00503,ACH-000633,SIDM00503,FU97,FU97,1290806.0,FU97_STOMACH
141,143,SIDM00853,ACH-000835,SIDM00853,GCT,GCT,906999.0,GCT_SOFT_TISSUE
142,144,SIDM00227,ACH-001344,SIDM00227,GI-ME-N,GIMEN,906872.0,GIMEN_AUTONOMIC_GANGLIA
143,145,SIDM00335,ACH-000192,SIDM00335,MFE-280,MFE280,908129.0,MFE280_ENDOMETRIUM
144,146,SIDM00555,ACH-000631,SIDM00555,KS-1,KS1,907313.0,KS1_CENTRAL_NERVOUS_SYSTEM
145,147,SIDM00611,ACH-000684,SIDM00611,KMRC-1,KMRC1,1298168.0,KMRC1_KIDNEY
146,148,SIDM00603,ACH-001543,SIDM00603,KOSC-2,KOSC2,753570.0,KOSC2CL343_UPPER_AERODIGESTIVE_TRACT
147,149,SIDM00294,ACH-001549,SIDM00294,Lu-135,LU135,713899.0,LU135_LUNG
148,150,SIDM00677,ACH-000007,SIDM00677,LS513,LS513,907795.0,LS513_LARGE_INTESTINE
149,151,SIDM01220,ACH-002269,SIDM01220,LNZTA3WT4,LNZTA3WT4,1240170.0,LNZTA3WT4_CENTRAL_NERVOUS_SYSTEM
150,152,SIDM01024,ACH-000784,SIDM01024,KYSE-70,KYSE70,753576.0,KYSE70_OESOPHAGUS
151,153,SIDM00609,ACH-000250,SIDM00609,KMRC-20,KMRC20,1298169.0,KMRC20_KIDNEY
152,154,SIDM00547,ACH-000438,SIDM00547,Lu-65,LU65,724863.0,LU65_LUNG
153,155,SIDM00680,ACH-000957,SIDM00680,LS 180,LS180,998189.0,LS180_LARGE_INTESTINE
154,156,SIDM00858,ACH-000082,SIDM00858,"G-292, clone A141B1",G292CLONEA141B1,1290807.0,G292CLONEA141B1_BONE
155,157,SIDM01032,ACH-000823,SIDM01032,KYSE-140,KYSE140,753573.0,KYSE140_OESOPHAGUS
156,158,SIDM00613,ACH-000231,SIDM00613,KALS-1,KALS1,907271.0,KALS1_CENTRAL_NERVOUS_SYSTEM
157,159,SIDM00293,ACH-002052,SIDM00293,Lu-139,LU139,,LU139_LUNG
158,160,SIDM00776,ACH-000501,SIDM00776,LS123,LS123,907792.0,LS123_LARGE_INTESTINE
159,161,SIDM00274,ACH-000047,SIDM00274,GCIY,GCIY,906869.0,GCIY_STOMACH
160,162,SIDM00855,ACH-000375,SIDM00855,G-402,G402,907298.0,G402_SOFT_TISSUE
161,163,SIDM00337,ACH-000450,SIDM00337,MEL-HO,MELHO,908124.0,MELHO_SKIN
162,164,SIDM01031,ACH-000855,SIDM01031,KYSE-150,KYSE150,907317.0,KYSE150_OESOPHAGUS
163,165,SIDM00292,ACH-002077,SIDM00292,Lu-165,LU165,,LU165_LUNG
164,166,SIDM00681,ACH-000252,SIDM00681,LS1034,LS1034,917486.0,LS1034_LARGE_INTESTINE
165,167,SIDM00581,ACH-000738,SIDM00581,GB-1,GB1,687568.0,GB1_CENTRAL_NERVOUS_SYSTEM
166,169,SIDM00638,ACH-001360,SIDM00638,MS751,MS751,1240179.0,MS751_CERVIX
167,170,SIDM00527,ACH-000935,SIDM00527,MDST8,MDST8,1240173.0,MDST8_LARGE_INTESTINE
168,171,SIDM01193,ACH-000040,SIDM01193,U-118 MG,U118MG,687588.0,U118MG_CENTRAL_NERVOUS_SYSTEM
169,172,SIDM00316,ACH-000469,SIDM00316,YH-13,YH13,909905.0,YH13_CENTRAL_NERVOUS_SYSTEM
170,173,SIDM00369,ACH-000647,SIDM00369,TE-1,TE1,753621.0,TE1_OESOPHAGUS
171,174,SIDM00326,ACH-000452,SIDM00326,TE-8,TE8,753623.0,TE8_OESOPHAGUS
172,175,SIDM01093,ACH-000556,SIDM01093,SIHA,SIHA,930297.0,SIHA_CERVIX
173,176,SIDM01080,ACH-000181,SIDM01080,SCC-9,SCC9,909709.0,SCC9_UPPER_AERODIGESTIVE_TRACT
174,178,SIDM01098,ACH-000149,SIDM01098,SK-N-SH,SKNSH,717431.0,SKNSH_AUTONOMIC_GANGLIA
175,179,SIDM00437,ACH-000362,SIDM00437,MOLM-13,MOLM13,1330947.0,MOLM13_HAEMATOPOIETIC_AND_LYMPHOID_TISSUE
176,180,SIDM00973,ACH-000827,SIDM00973,WM793,WM793,1299081.0,WM793_SKIN
177,181,SIDM00411,ACH-000332,SIDM00411,YAPC,YAPC,909904.0,YAPC_PANCREAS
178,182,SIDM00349,ACH-000318,SIDM00349,TE-10,TE10,753622.0,TE10_OESOPHAGUS
179,183,SIDM00325,ACH-000694,SIDM00325,TE-9,TE9,946353.0,TE9_OESOPHAGUS
180,184,SIDM00374,ACH-002062,SIDM00374,SLVL,SLVL,,SLVL_HAEMATOPOIETIC_AND_LYMPHOID_TISSUE
181,185,SIDM01194,ACH-000420,SIDM01194,SNU-449,SNU449,909738.0,SNU449_LIVER
182,186,SIDM01099,ACH-000341,SIDM01099,SK-N-FI,SKNFI,688087.0,SKNFI_AUTONOMIC_GANGLIA
183,187,SIDM00657,ACH-000045,SIDM00657,MV4-11,MV411,908156.0,MV411_HAEMATOPOIETIC_AND_LYMPHOID_TISSUE
184,188,SIDM01186,ACH-000554,SIDM01186,UACC-893,UACC893,909778.0,UACC893_BREAST
185,189,SIDM01169,ACH-000885,SIDM01169,TOV-21G,TOV21G,1240222.0,TOV21G_OVARY
186,190,SIDM00095,ACH-000504,SIDM00095,SNB75,SNB75,905982.0,SNB75_CENTRAL_NERVOUS_SYSTEM
187,191,SIDM01110,ACH-000361,SIDM01110,SK-HEP-1,SKHEP1,909719.0,SKHEP1_LIVER
188,192,SIDM00525,ACH-000359,SIDM00525,MG-63,MG63,908131.0,MG63_BONE
189,194,SIDM01077,ACH-000115,SIDM01077,VCaP,VCAP,1299075.0,VCAP_PROSTATE
190,195,SIDM00412,ACH-001709,SIDM00412,WSU-NHL,WSUNHL,909785.0,WSUNHL_HAEMATOPOIETIC_AND_LYMPHOID_TISSUE
191,196,SIDM00315,ACH-000570,SIDM00315,YKG1,YKG1,687592.0,YKG1_CENTRAL_NERVOUS_SYSTEM
192,197,SIDM01172,ACH-000146,SIDM01172,THP-1,THP1,909771.0,THP1_HAEMATOPOIETIC_AND_LYMPHOID_TISSUE
193,198,SIDM01196,ACH-000422,SIDM01196,SNU-475,SNU475,909739.0,SNU475_LIVER
194,199,SIDM00079,ACH-000811,SIDM00079,SK-OV-3,SKOV3,905959.0,SKOV3_OVARY
195,200,SIDM01198,ACH-000567,SIDM01198,ST486,ST486,910906.0,ST486_HAEMATOPOIETIC_AND_LYMPHOID_TISSUE
196,201,SIDM00348,ACH-000488,SIDM00348,TE-11,TE11,946354.0,TE11_OESOPHAGUS
197,202,SIDM00322,ACH-000561,SIDM00322,T.T,TDOTT,1299064.0,TT_OESOPHAGUS
198,203,SIDM00423,ACH-000656,SIDM00423,SU-DHL-8,SUDHL8,1331038.0,SUDHL8_HAEMATOPOIETIC_AND_LYMPHOID_TISSUE
199,204,SIDM01106,ACH-000822,SIDM01106,SK-MEL-24,SKMEL24,909725.0,SKMEL24_SKIN
200,205,SIDM00833,ACH-000421,SIDM00833,SW837,SW837,909755.0,SW837_LARGE_INTESTINE
201,206,SIDM01184,ACH-000018,SIDM01184,T24,T24,724812.0,T24_URINARY_TRACT
202,207,SIDM00148,ACH-000019,SIDM00148,MCF-7,MCF7,905946.0,MCF7_BREAST
203,208,SIDM01182,ACH-000522,SIDM01182,UM-UC-3,UMUC3,724838.0,UMUC3_URINARY_TRACT
204,210,SIDM00418,ACH-000716,SIDM00418,TT2609-C02,TT2609C02,1240223.0,TT2609C02_THYROID
205,211,SIDM01165,ACH-000155,SIDM01165,SW 1990,SW1990,910907.0,SW1990_PANCREAS
206,212,SIDM00841,ACH-000651,SIDM00841,SW 620,SW620,905962.0,SW620_LARGE_INTESTINE
207,213,SIDM00097,ACH-000147,SIDM00097,T-47D,T47D,905945.0,T47D_BREAST
208,214,SIDM00260,ACH-002161,SIDM00260,MKN28,MKN28,908139.0,MKN28_STOMACH
209,215,SIDM00111,ACH-000232,SIDM00111,U-251 MG,U251MG,905983.0,U251MG_CENTRAL_NERVOUS_SYSTEM
210,216,SIDM01179,ACH-001702,SIDM01179,VA-ES-BJ,VAESBJ,688121.0,VAESBJ_SOFT_TISSUE
211,217,SIDM00351,ACH-002029,SIDM00351,SAS,SAS,,SAS_UPPER_AERODIGESTIVE_TRACT
212,218,SIDM00347,ACH-000408,SIDM00347,TE-5,TE5,735784.0,TE5_OESOPHAGUS
213,219,SIDM01180,ACH-000478,SIDM01180,SNU-387,SNU387,909736.0,SNU387_LIVER
214,220,SIDM01171,ACH-000571,SIDM01171,T98G,T98G,687586.0,T98G_CENTRAL_NERVOUS_SYSTEM
215,221,SIDM00637,ACH-000583,SIDM00637,MC116,MC116,907799.0,MC116_HAEMATOPOIETIC_AND_LYMPHOID_TISSUE
216,222,SIDM01189,ACH-000075,SIDM01189,U-87 MG,U87MG,687590.0,U87MG_CENTRAL_NERVOUS_SYSTEM
217,225,SIDM00328,ACH-000605,SIDM00328,TE-6,TE6,946355.0,TE6_OESOPHAGUS
218,226,SIDM01190,ACH-000720,SIDM01190,TCCSUP,TCCSUP,687459.0,TCCSUP_URINARY_TRACT
219,227,SIDM00389,ACH-000271,SIDM00389,SU-DHL-10,SUDHL10,1331033.0,SUDHL10_HAEMATOPOIETIC_AND_LYMPHOID_TISSUE
220,228,SIDM00390,ACH-000664,SIDM00390,SU-DHL-1,SUDHL1,909742.0,SUDHL1_HAEMATOPOIETIC_AND_LYMPHOID_TISSUE
221,229,SIDM00782,ACH-000381,SIDM00782,T84,T84,909761.0,T84_LARGE_INTESTINE
222,230,SIDM00992,ACH-000456,SIDM00992,B-CPAP,BCPAP,924104.0,BCPAP_THYROID
223,231,SIDM00489,ACH-002043,SIDM00489,Ca9-22,CA922,,CA922_UPPER_AERODIGESTIVE_TRACT
224,232,SIDM00910,ACH-000120,SIDM00910,CHP-212,CHP212,906820.0,CHP212_AUTONOMIC_GANGLIA
225,233,SIDM00947,ACH-000244,SIDM00947,DK-MG,DKMG,906839.0,DKMG_CENTRAL_NERVOUS_SYSTEM
226,235,SIDM00980,ACH-000948,SIDM00980,23132/87,2313287,910924.0,2313287_STOMACH
227,236,SIDM00987,ACH-000191,SIDM00987,BHT-101,BHT101,906696.0,BHT101_THYROID
228,237,SIDM00941,ACH-000433,SIDM00941,Caki-1,CAKI1,905963.0,CAKI1_KIDNEY
229,238,SIDM00284,ACH-000805,SIDM00284,COLO-679,COLO679,906818.0,COLO679_SKIN
230,239,SIDM00929,ACH-000516,SIDM00929,CAL-78,CAL78,1290765.0,CAL78_BONE
231,240,SIDM00523,ACH-000698,SIDM00523,DMS 53,DMS53,907295.0,DMS53_LUNG
232,241,SIDM01047,ACH-000295,SIDM01047,EM-2,EM2,906855.0,EM2_HAEMATOPOIETIC_AND_LYMPHOID_TISSUE
233,242,SIDM00982,ACH-000323,SIDM00982,42-MG-BA,42MGBA,687561.0,42MGBA_CENTRAL_NERVOUS_SYSTEM
234,243,SIDM00795,ACH-000219,SIDM00795,A-375,A375,906793.0,A375_SKIN
235,244,SIDM00492,ACH-000269,SIDM00492,AM-38,AM38,910933.0,AM38_CENTRAL_NERVOUS_SYSTEM
236,245,SIDM00122,ACH-000288,SIDM00122,BT-549,BT549,905951.0,BT549_BREAST
237,246,SIDM00212,ACH-000464,SIDM00212,CAS-1,CAS1,910943.0,CAS1_CENTRAL_NERVOUS_SYSTEM
238,247,SIDM00957,ACH-000350,SIDM00957,COLO-678,COLO678,910689.0,COLO678_LARGE_INTESTINE
239,248,SIDM00950,ACH-000243,SIDM00950,DAN-G,DANG,1290797.0,DANG_PANCREAS
240,249,SIDM00540,ACH-002234,SIDM00540,DOK,DOK,910936.0,DOK_UPPER_AERODIGESTIVE_TRACT
241,250,SIDM00264,ACH-002105,SIDM00264,ES4,ES4,949156.0,ES4_BONE
242,251,SIDM01076,ACH-000070,SIDM01076,697,697,906800.0,697_HAEMATOPOIETIC_AND_LYMPHOID_TISSUE
243,252,SIDM00794,ACH-001442,SIDM00794,A388,A388,910697.0,A388_SKIN
244,253,SIDM00920,ACH-000783,SIDM00920,CAMA-1,CAMA1,946382.0,CAMA1_BREAST
245,254,SIDM00923,ACH-001336,SIDM00923,Ca Ski,CASKI,906824.0,CASKI_CERVIX
246,255,SIDM00513,ACH-000161,SIDM00513,COR-L105,CORL105,906805.0,CORL105_LUNG
247,256,SIDM00208,ACH-002229,SIDM00208,D-502MG,D502MG,946373.0,D502MG_CENTRAL_NERVOUS_SYSTEM
248,257,SIDM00120,ACH-000979,SIDM00120,DU 145,DU145,905935.0,DU145_PROSTATE
249,258,SIDM01045,ACH-000978,SIDM01045,EN,EN,1240127.0,EN_ENDOMETRIUM
250,259,SIDM00803,ACH-000411,SIDM00803,769-P,769P,910922.0,769P_KIDNEY
251,260,SIDM00900,ACH-002210,SIDM00900,ARH-77,ARH77,906765.0,ARH77_HAEMATOPOIETIC_AND_LYMPHOID_TISSUE
252,261,SIDM00988,ACH-000792,SIDM00988,BFTC-909,BFTC909,910698.0,BFTC909_KIDNEY
253,262,SIDM00921,ACH-000264,SIDM00921,Calu-6,CALU6,724859.0,CALU6_LUNG
254,263,SIDM00889,ACH-001333,SIDM00889,C-33 A,C33A,687505.0,C33A_CERVIX
255,264,SIDM00140,ACH-000968,SIDM00140,COLO 792,COLO792,906814.0,COLO792_SKIN
256,265,SIDM00512,ACH-000662,SIDM00512,COR-L23,CORL23,687780.0,CORL23_LUNG
257,266,SIDM00887,ACH-000211,SIDM00887,Daoy,DAOY,906833.0,DAOY_CENTRAL_NERVOUS_SYSTEM
258,267,SIDM00864,ACH-001341,SIDM00864,DoTc2 4510,DOTC24510,906843.0,DOTC24510_CERVIX
259,268,SIDM00861,ACH-000906,SIDM00861,ES-2,ES2,1240128.0,ES2_OVARY
260,269,SIDM00997,ACH-001306,SIDM00997,8305C,8305C,906795.0,8305C_THYROID
261,270,SIDM00995,ACH-001328,SIDM00995,A-431,A431,910925.0,A431_SKIN
262,271,SIDM00986,ACH-000548,SIDM00986,BHY,BHY,753535.0,BHY_UPPER_AERODIGESTIVE_TRACT
263,272,SIDM01233,ACH-000009,SIDM01233,C2BBe1,C2BBE1,910700.0,C2BBE1_LARGE_INTESTINE
264,273,SIDM00934,ACH-000354,SIDM00934,Capan-1,CAPAN1,753624.0,CAPAN1_PANCREAS
265,274,SIDM00130,ACH-000138,SIDM00130,CFPAC-1,CFPAC1,906821.0,CFPAC1_PANCREAS
266,275,SIDM00964,ACH-001453,SIDM00964,BPH-1,BPH1,924105.0,BPH1_PROSTATE
267,276,SIDM00831,ACH-000207,SIDM00831,Detroit 562,DETROIT562,906837.0,DETROIT562_UPPER_AERODIGESTIVE_TRACT
268,277,SIDM00886,ACH-000334,SIDM00886,DB,DB,906832.0,DB_HAEMATOPOIETIC_AND_LYMPHOID_TISSUE
269,278,SIDM00196,ACH-002116,SIDM00196,EW-22,EW22,949167.0,EW22_BONE
270,279,SIDM00903,ACH-000681,SIDM00903,A549,A549,905949.0,A549_LUNG
271,280,SIDM00501,ACH-001332,SIDM00501,BICR 78,BICR78,1240122.0,BICR78_UPPER_AERODIGESTIVE_TRACT
272,281,SIDM01237,ACH-001021,SIDM01237,C3A,C3A,910850.0,C3A_LIVER
273,282,SIDM00954,ACH-001820,SIDM00954,COLO 824,COLO824,,COLO824_BREAST
274,283,SIDM01056,ACH-000330,SIDM01056,EFM-19,EFM19,906851.0,EFM19_BREAST
275,284,SIDM00799,ACH-000558,SIDM00799,A-172,A172,687563.0,A172_CENTRAL_NERVOUS_SYSTEM
276,285,SIDM00848,ACH-000052,SIDM00848,A-673,A673,684052.0,A673_BONE
277,286,SIDM00896,ACH-002214,SIDM00896,BC-1,BC1,910919.0,BC1_HAEMATOPOIETIC_AND_LYMPHOID_TISSUE
278,288,SIDM00285,ACH-001338,SIDM00285,CHP-134,CHP134,910941.0,CHP134_AUTONOMIC_GANGLIA
279,289,SIDM00930,ACH-001715,SIDM00930,CAL-72,CAL72,906827.0,CAL72_BONE
280,291,SIDM00924,ACH-000867,SIDM00924,ChaGo-K-1,CHAGOK1,687596.0,CHAGOK1_LUNG
281,292,SIDM01051,ACH-000936,SIDM01051,EFO-27,EFO27,906852.0,EFO27_OVARY
282,294,SIDM00336,ACH-000881,SIDM00336,MEL-JUSO,MELJUSO,908125.0,MELJUSO_SKIN
283,295,SIDM00083,ACH-000273,SIDM00083,SF539,SF539,905984.0,SF539_CENTRAL_NERVOUS_SYSTEM
284,296,SIDM01154,ACH-000953,SIDM01154,SUP-T1,SUPT1,909743.0,SUPT1_HAEMATOPOIETIC_AND_LYMPHOID_TISSUE
285,297,SIDM00301,ACH-000265,SIDM00301,KP-4,KP4,753572.0,KP4_PANCREAS
286,298,SIDM01109,ACH-000145,SIDM01109,SK-LMS-1,SKLMS1,909720.0,SKLMS1_SOFT_TISSUE
287,300,SIDM01218,ACH-001530,SIDM01218,JEG-3,JEG3,907176.0,JEG3_PLACENTA
288,301,SIDM00617,ACH-000577,SIDM00617,JHH-2,JHH2,1240157.0,JHH2_LIVER
289,302,SIDM00146,ACH-000768,SIDM00146,MDA-MB-231,MDAMB231,905960.0,MDAMB231_BREAST
290,303,SIDM01078,ACH-000790,SIDM01078,SHP-77,SHP77,724872.0,SHP77_LUNG
291,304,SIDM01111,ACH-000087,SIDM01111,SK-ES-1,SKES1,684072.0,SKES1_BONE
292,305,SIDM00552,ACH-000607,SIDM00552,KYM-1,KYM1,1240166.0,KYM1_SOFT_TISSUE
293,306,SIDM00604,ACH-001542,SIDM00604,KON,KON,1298215.0,KON_UPPER_AERODIGESTIVE_TRACT
294,307,SIDM00664,ACH-000178,SIDM00664,Hs 766T,HS766T,1298141.0,HS766T_PANCREAS
295,308,SIDM01067,ACH-000012,SIDM01067,HCC-827,HCC827,1240146.0,HCC827_LUNG
296,309,SIDM00052,ACH-002243,SIDM00052,HCE-4,HCE4,753559.0,HCE4_OESOPHAGUS
297,310,SIDM01012,ACH-000346,SIDM01012,JVM-3,JVM3,907270.0,JVM3_HAEMATOPOIETIC_AND_LYMPHOID_TISSUE
298,311,SIDM00616,ACH-000476,SIDM00616,JHH-4,JHH4,1240158.0,JHH4_LIVER
299,312,SIDM00528,ACH-000934,SIDM00528,MDA-MB-361,MDAMB361,908121.0,MDAMB361_BREAST
300,313,SIDM01079,ACH-000441,SIDM01079,SH-4,SH4,909713.0,SH4_SKIN
301,314,SIDM00371,ACH-000652,SIDM00371,SUIT-2,SUIT2,1240219.0,SUIT2_PANCREAS
302,316,SIDM00607,ACH-000622,SIDM00607,KNS-42,KNS42,907282.0,KNS42_CENTRAL_NERVOUS_SYSTEM
303,317,SIDM00588,ACH-000546,SIDM00588,HSC-4,HSC4,907062.0,HSC4_UPPER_AERODIGESTIVE_TRACT
304,318,SIDM00828,ACH-000054,SIDM00828,HT-1080,HT1080,907064.0,HT1080_SOFT_TISSUE
305,319,SIDM01157,ACH-001400,SIDM01157,SW 954,SW954,924247.0,SW954_CERVIX
306,320,SIDM01015,ACH-000326,SIDM01015,JURL-MK1,JURLMK1,1327771.0,JURLMK1_HAEMATOPOIETIC_AND_LYMPHOID_TISSUE
307,321,SIDM01059,ACH-000915,SIDM01059,IPC-298,IPC298,907171.0,IPC298_SKIN
308,322,SIDM00272,ACH-000910,SIDM00272,MDA-MB-453,MDAMB453,908122.0,MDAMB453_BREAST
309,324,SIDM01103,ACH-000665,SIDM01103,SK-MES-1,SKMES1,909728.0,SKMES1_LUNG
310,325,SIDM01113,ACH-000939,SIDM01113,SK-UT-1,SKUT1,909732.0,SKUT1_SOFT_TISSUE
311,326,SIDM00583,ACH-001107,SIDM00583,KP-1N,KP1N,1298216.0,KP1N_PANCREAS
312,327,SIDM00678,ACH-000724,SIDM00678,HT-1376,HT1376,907066.0,HT1376_URINARY_TRACT
313,328,SIDM00669,ACH-000094,SIDM00669,HPAF-II,HPAFII,724869.0,HPAFII_PANCREAS
314,329,SIDM01036,ACH-000653,SIDM01036,JJN-3,JJN3,1327766.0,JJN3_HAEMATOPOIETIC_AND_LYMPHOID_TISSUE
315,330,SIDM00306,ACH-000672,SIDM00306,IA-LM,IALM,910779.0,IALM_LUNG
316,331,SIDM00096,ACH-000338,SIDM00096,SR-786,SR786,905965.0,SR786_HAEMATOPOIETIC_AND_LYMPHOID_TISSUE
317,332,SIDM00379,ACH-002304,SIDM00379,SK-MG-1,SKMG1,909729.0,SKMG1_CENTRAL_NERVOUS_SYSTEM
318,333,SIDM00381,ACH-002020,SIDM00381,SKG-IIIa,SKGIIIA,,SKGIIIA_CERVIX
319,334,SIDM00606,ACH-000858,SIDM00606,KNS-62,KNS62,753569.0,KNS62_LUNG
320,335,SIDM00852,ACH-000389,SIDM00852,H4,H4,907042.0,H4_CENTRAL_NERVOUS_SYSTEM
321,336,SIDM00541,ACH-000926,SIDM00541,HT-55,HT55,907287.0,HT55_LARGE_INTESTINE
322,337,SIDM00391,ACH-000363,SIDM00391,SK-MM-2,SKMM2,753612.0,SKMM2_HAEMATOPOIETIC_AND_LYMPHOID_TISSUE
323,338,SIDM00615,ACH-000217,SIDM00615,JHH-6,JHH6,1240159.0,JHH6_LIVER
324,339,SIDM00602,ACH-000919,SIDM00602,IM95,IM95,1240155.0,IM95_STOMACH
325,340,SIDM01170,ACH-000048,SIDM01170,TOV-112D,TOV112D,1299070.0,TOV112D_OVARY
326,341,SIDM00377,ACH-001655,SIDM00377,SKN,SKN,1240215.0,SKN_ENDOMETRIUM
327,342,SIDM01008,ACH-000315,SIDM01008,KARPAS-422,KARPAS422,907274.0,KARPAS422_HAEMATOPOIETIC_AND_LYMPHOID_TISSUE
328,343,SIDM00531,ACH-000213,SIDM00531,HUP-T4,HUPT4,907286.0,HUPT4_PANCREAS
329,344,SIDM01097,ACH-001193,SIDM01097,SK-PN-DW,SKPNDW,909731.0,SKPNDW_BONE
330,345,SIDM00693,ACH-000396,SIDM00693,J82,J82,753566.0,J82_URINARY_TRACT
331,346,SIDM00614,ACH-000848,SIDM00614,JHH-7,JHH7,1240160.0,JHH7_LIVER
332,347,SIDM00350,ACH-001641,SIDM00350,SAT,SAT,1299050.0,SAT_UPPER_AERODIGESTIVE_TRACT
333,348,SIDM01163,ACH-000677,SIDM01163,SW 1573,SW1573,724878.0,SW1573_LUNG
334,349,SIDM00375,ACH-002305,SIDM00375,SKN-3,SKN3,1299059.0,SKN3_UPPER_AERODIGESTIVE_TRACT
335,350,SIDM00380,ACH-000373,SIDM00380,SKM-1,SKM1,909722.0,SKM1_HAEMATOPOIETIC_AND_LYMPHOID_TISSUE
336,351,SIDM00392,ACH-000810,SIDM00392,SK-MEL-30,SKMEL30,909726.0,SKMEL30_SKIN
337,352,SIDM00133,ACH-000861,SIDM00133,HOP-62,HOP62,905972.0,HOP62_LUNG
338,353,SIDM00600,ACH-001528,SIDM00600,IHH-4,IHH4,1240154.0,IHH4_THYROID
339,354,SIDM01039,ACH-001529,SIDM01039,JAR,JAR,907175.0,JAR_PLACENTA
340,355,SIDM00128,ACH-002249,SIDM00128,JHU-011,JHU011,1240161.0,JHU011_UPPER_AERODIGESTIVE_TRACT
341,356,SIDM00151,ACH-000966,SIDM00151,IGROV1,IGROV1,905968.0,IGROV1_OVARY
342,357,SIDM00632,ACH-002247,SIDM00632,IM-9,IM9,753563.0,IM9_HAEMATOPOIETIC_AND_LYMPHOID_TISSUE
343,358,SIDM00127,ACH-002250,SIDM00127,JHU-022,JHU022,1240162.0,JHU022_UPPER_AERODIGESTIVE_TRACT
344,359,SIDM01042,ACH-001065,SIDM01042,Evsa-T,EVSAT,906862.0,EVSAT_BREAST
345,360,SIDM00486,ACH-000563,SIDM00486,EBC-1,EBC1,753554.0,EBC1_LUNG
346,361,SIDM00491,ACH-001443,SIDM00491,ASH-3,ASH3,1290722.0,ASH3_THYROID
347,362,SIDM00198,ACH-002114,SIDM00198,EW-16,EW16,949165.0,EW16_BONE
348,363,SIDM00874,ACH-000223,SIDM00874,HCC1937,HCC1937,749714.0,HCC1937_BREAST
349,364,SIDM00594,ACH-000004,SIDM00594,HEL,HEL,907053.0,HEL_HAEMATOPOIETIC_AND_LYMPHOID_TISSUE
350,365,SIDM00870,ACH-000725,SIDM00870,HCC202,HCC202,1290906.0,HCC202_BREAST
351,366,SIDM00993,ACH-000838,SIDM00993,AMO-1,AMO1,1295741.0,AMO1_HAEMATOPOIETIC_AND_LYMPHOID_TISSUE
352,367,SIDM00210,ACH-000657,SIDM00210,A2780,A2780,906804.0,A2780_OVARY
353,368,SIDM00949,ACH-000233,SIDM00949,DEL,DEL,906836.0,DEL_HAEMATOPOIETIC_AND_LYMPHOID_TISSUE
354,369,SIDM00589,ACH-000778,SIDM00589,HSC-3,HSC3,907061.0,HSC3_UPPER_AERODIGESTIVE_TRACT
355,370,SIDM00599,ACH-001526,SIDM00599,HuO9,HUO9,907072.0,HUO9_BONE
356,371,SIDM00118,ACH-001081,SIDM00118,HCC2998,HCC2998,905971.0,HCC2998_LARGE_INTESTINE
357,372,SIDM01052,ACH-000308,SIDM01052,EFO-21,EFO21,911905.0,EFO21_OVARY
358,373,SIDM00172,ACH-002212,SIDM00172,BB30-HNC,BB30HNC,753531.0,BB30HNC_UPPER_AERODIGESTIVE_TRACT
359,374,SIDM00944,ACH-000249,SIDM00944,CL-11,CL11,1290769.0,CL11_LARGE_INTESTINE
360,375,SIDM00119,ACH-000706,SIDM00119,EKVX,EKVX,905970.0,EKVX_LUNG
361,376,SIDM00533,ACH-000118,SIDM00533,HUP-T3,HUPT3,907285.0,HUPT3_PANCREAS
362,377,SIDM00596,ACH-001517,SIDM00596,HEC-1,HEC1,907051.0,HEC1_ENDOMETRIUM
363,378,SIDM00290,ACH-000847,SIDM00290,HGC-27,HGC27,907055.0,HGC27_STOMACH
364,379,SIDM00810,ACH-000757,SIDM00810,A427,A427,910851.0,A427_LUNG
365,380,SIDM00487,ACH-000963,SIDM00487,CCK-81,CCK81,1240123.0,CCK81_LARGE_INTESTINE
366,381,SIDM00263,ACH-002106,SIDM00263,ES5,ES5,684057.0,ES5_BONE
367,382,SIDM00277,ACH-000198,SIDM00277,EOL-1,EOL1,906856.0,EOL1_HAEMATOPOIETIC_AND_LYMPHOID_TISSUE
368,383,SIDM01069,ACH-000667,SIDM01069,HCC-44,HCC44,1240145.0,HCC44_LUNG
369,384,SIDM01068,ACH-000562,SIDM01068,HCC-78,HCC78,1290908.0,HCC78_LUNG
370,385,SIDM01072,ACH-000878,SIDM01072,HCC-15,HCC15,1240143.0,HCC15_LUNG
371,386,SIDM00207,ACH-002230,SIDM00207,D-542MG,D542MG,753549.0,D542MG_CENTRAL_NERVOUS_SYSTEM
372,387,SIDM00587,ACH-000976,SIDM00587,HuCCT1,HUCCT1,907069.0,HUCCT1_BILIARY_TRACT
373,388,SIDM00885,ACH-000111,SIDM00885,HCC1187,HCC1187,749711.0,HCC1187_BREAST
374,389,SIDM00665,ACH-000616,SIDM00665,Hs 746T,HS746T,1240151.0,HS746T_STOMACH
375,390,SIDM00872,ACH-000859,SIDM00872,HCC1954,HCC1954,749709.0,HCC1954_BREAST
376,391,SIDM01044,ACH-000585,SIDM01044,EPLC-272H,EPLC272H,753556.0,EPLC272H_LUNG
377,392,SIDM00796,ACH-000740,SIDM00796,A-253,A253,906794.0,A253_SALIVARY_GLAND
378,394,SIDM00142,ACH-000864,SIDM00142,COLO 684,COLO684,910691.0,COLO684_ENDOMETRIUM
379,395,SIDM00201,ACH-002119,SIDM00201,EW-7,EW7,949160.0,EW7_BONE
380,396,SIDM00789,ACH-000997,SIDM00789,HCT-15,HCT15,905937.0,HCT15_LARGE_INTESTINE
381,397,SIDM00695,ACH-000322,SIDM00695,HT-144,HT144,907067.0,HT144_SKIN
382,398,SIDM00278,ACH-000305,SIDM00278,EC-GI-10,ECGI10,753555.0,ECGI10_OESOPHAGUS
383,399,SIDM00494,ACH-000528,SIDM00494,ABC-1,ABC1,906791.0,ABC1_LUNG
384,400,SIDM00937,ACH-000832,SIDM00937,CAL 27,CAL27,910916.0,CAL27_UPPER_AERODIGESTIVE_TRACT
385,401,SIDM00946,ACH-000981,SIDM00946,DND-41,DND41,1297446.0,DND41_HAEMATOPOIETIC_AND_LYMPHOID_TISSUE
386,402,SIDM00673,ACH-000668,SIDM00673,HCC70,HCC70,907048.0,HCC70_BREAST
387,403,SIDM00517,ACH-002239,SIDM00517,H3118,H3118,1240140.0,H3118_UPPER_AERODIGESTIVE_TRACT
388,404,SIDM00598,ACH-000843,SIDM00598,HARA,HARA,1240142.0,HARA_LUNG
389,405,SIDM00534,ACH-000986,SIDM00534,HT115,HT115,907289.0,HT115_LARGE_INTESTINE
390,406,SIDM00485,ACH-000794,SIDM00485,BICR 22,BICR22,1240121.0,BICR22_UPPER_AERODIGESTIVE_TRACT
391,407,SIDM00539,ACH-001496,SIDM00539,ESO26,ESO26,1503366.0,ESO26_OESOPHAGUS
392,409,SIDM00875,ACH-000624,SIDM00875,HCC1806,HCC1806,907047.0,HCC1806_BREAST
393,410,SIDM00666,ACH-000067,SIDM00666,Hs 683,HS683,1240150.0,HS683_CENTRAL_NERVOUS_SYSTEM
394,411,SIDM00881,ACH-000352,SIDM00881,HCC1428,HCC1428,1290905.0,HCC1428_BREAST
395,412,SIDM00585,ACH-000480,SIDM00585,HuH-7,HUH7,907071.0,HUH7_LIVER
396,413,SIDM00679,ACH-001525,SIDM00679,HT-3,HT3,907068.0,HT3_CERVIX
397,414,SIDM00768,ACH-000894,SIDM00768,NCI-H1869,NCIH1869,1240183.0,NCIH1869_LUNG
398,415,SIDM00716,ACH-000481,SIDM00716,NCI-H2170,NCIH2170,687815.0,NCIH2170_LUNG
399,416,SIDM00927,ACH-000871,SIDM00927,NCI-H510,NCIH510,753605.0,NCIH510_LUNG
400,417,SIDM01146,ACH-000932,SIDM01146,SNU-1,SNU1,908444.0,SNU1_STOMACH
401,418,SIDM00572,ACH-000911,SIDM00572,NUGC-3,NUGC3,908455.0,NUGC3_STOMACH
402,419,SIDM00156,ACH-002285,SIDM00156,NB7,NB7,949174.0,NB7_AUTONOMIC_GANGLIA
403,420,SIDM00575,ACH-000200,SIDM00575,NMC-G1,NMCG1,908449.0,NMCG1_CENTRAL_NERVOUS_SYSTEM
404,421,SIDM00743,ACH-000448,SIDM00743,NCI-H1666,NCIH1666,908473.0,NCIH1666_LUNG
405,422,SIDM00745,ACH-000035,SIDM00745,NCI-H1650,NCIH1650,687800.0,NCIH1650_LUNG
406,423,SIDM00117,ACH-000837,SIDM00117,NCI-H322,NCIH322,,NCIH322_LUNG
407,424,SIDM01145,ACH-000581,SIDM01145,SNU-16,SNU16,908446.0,SNU16_STOMACH
408,425,SIDM00238,ACH-000947,SIDM00238,OVK18,OVK18,1480371.0,OVK18_OVARY
409,426,SIDM00460,ACH-000124,SIDM00460,OCI-LY-19,OCILY19,1330984.0,OCILY19_HAEMATOPOIETIC_AND_LYMPHOID_TISSUE
410,427,SIDM00383,ACH-002198,SIDM00383,SCH,SCH,909711.0,SCH_STOMACH
411,428,SIDM00753,ACH-000781,SIDM00753,NCI-H2023,NCIH2023,1240187.0,NCIH2023_LUNG
412,429,SIDM00704,ACH-000639,SIDM00704,NCI-H211,NCIH211,1240189.0,NCIH211_LUNG
413,430,SIDM01124,ACH-000945,SIDM01124,NCI-H650,NCIH650,722066.0,NCIH650_LUNG
414,431,SIDM01134,ACH-000292,SIDM01134,NCI-H841,NCIH841,1240192.0,NCIH841_LUNG
415,432,SIDM00429,ACH-000938,SIDM00429,NALM-6,NALM6,908158.0,NALM6_HAEMATOPOIETIC_AND_LYMPHOID_TISSUE
416,433,SIDM00573,ACH-001606,SIDM00573,no.11,NO11,908450.0,NO11_CENTRAL_NERVOUS_SYSTEM
417,434,SIDM00444,ACH-001368,SIDM00444,OAC-M5.1,OACM51,1503363.0,OACM51_OESOPHAGUS
418,435,SIDM01199,ACH-000493,SIDM01199,SNU-423,SNU423,909737.0,SNU423_LIVER
419,436,SIDM00740,ACH-000747,SIDM00740,NCI-H1703,NCIH1703,908474.0,NCIH1703_LUNG
420,437,SIDM00706,ACH-000290,SIDM00706,NCI-H209,NCIH209,688013.0,NCIH209_LUNG
421,438,SIDM00728,ACH-000718,SIDM00728,NCI-H2291,NCIH2291,724874.0,NCIH2291_LUNG
422,439,SIDM00137,ACH-000337,SIDM00137,NCI-H3122,NCIH3122,1240190.0,NCIH3122_LUNG
423,440,SIDM00778,ACH-000403,SIDM00778,NCI-H747,NCIH747,908457.0,NCIH747_LARGE_INTESTINE
424,441,SIDM01144,ACH-000303,SIDM01144,SNU-5,SNU5,908445.0,SNU5_STOMACH
425,442,SIDM01082,ACH-000188,SIDM01082,SCC-25,SCC25,910701.0,SCC25_UPPER_AERODIGESTIVE_TRACT
426,443,SIDM00742,ACH-000021,SIDM00742,NCI-H1693,NCIH1693,687802.0,NCIH1693_LUNG
427,444,SIDM01130,ACH-000395,SIDM01130,NCI-H520,NCIH520,908443.0,NCIH520_LUNG
428,445,SIDM01128,ACH-000767,SIDM01128,NCI-H526,NCIH526,688025.0,NCIH526_LUNG
429,446,SIDM00641,ACH-000944,SIDM00641,NAMALWA,NAMALWA,908159.0,NAMALWA_HAEMATOPOIETIC_AND_LYMPHOID_TISSUE
430,447,SIDM00257,ACH-002280,SIDM00257,NB13,NB13,949177.0,NB13_AUTONOMIC_GANGLIA
431,448,SIDM00105,ACH-000001,SIDM00105,NIH:OVCAR-3,NIHOVCAR3,905933.0,NIHOVCAR3_OVARY
432,449,SIDM00741,ACH-000431,SIDM00741,NCI-H1694,NCIH1694,688006.0,NCIH1694_LUNG
433,450,SIDM00835,ACH-000489,SIDM00835,SW1116,SW1116,909746.0,SW1116_LARGE_INTESTINE
434,451,SIDM00259,ACH-002278,SIDM00259,NB10,NB10,949171.0,NB10_AUTONOMIC_GANGLIA
435,452,SIDM00580,ACH-000168,SIDM00580,NOMO-1,NOMO1,908451.0,NOMO1_HAEMATOPOIETIC_AND_LYMPHOID_TISSUE
436,453,SIDM00255,ACH-002282,SIDM00255,NB17,NB17,949175.0,NB17_AUTONOMIC_GANGLIA
437,454,SIDM00568,ACH-000247,SIDM00568,OCUM-1,OCUM1,1298358.0,OCUM1_STOMACH
438,455,SIDM00834,ACH-000470,SIDM00834,SW1463,SW1463,909748.0,SW1463_LARGE_INTESTINE
439,456,SIDM00814,ACH-001401,SIDM00814,SW-13,SW13,909744.0,SW13_ADRENAL_CORTEX
440,457,SIDM01181,ACH-000221,SIDM01181,SNU-398,SNU398,1240217.0,SNU398_LIVER
441,459,SIDM01131,ACH-000355,SIDM01131,NCI-H82,NCIH82,688031.0,NCIH82_LUNG
442,460,SIDM00577,ACH-001603,SIDM00577,NH-12,NH12,908447.0,NH12_AUTONOMIC_GANGLIA
443,461,SIDM00254,ACH-002283,SIDM00254,NB5,NB5,949176.0,NB5_AUTONOMIC_GANGLIA
444,462,SIDM00384,ACH-001642,SIDM00384,SCC-3,SCC3,910930.0,SCC3_HAEMATOPOIETIC_AND_LYMPHOID_TISSUE
445,463,SIDM00837,ACH-000958,SIDM00837,SW48,SW48,909751.0,SW48_LARGE_INTESTINE
446,464,SIDM00405,ACH-000365,SIDM00405,SU-DHL-4,SUDHL4,1331035.0,SUDHL4_HAEMATOPOIETIC_AND_LYMPHOID_TISSUE
447,465,SIDM00085,ACH-000655,SIDM00085,SF268,SF268,905986.0,SF268_CENTRAL_NERVOUS_SYSTEM
448,466,SIDM00138,ACH-000900,SIDM00138,NCI-H23,NCIH23,905942.0,NCIH23_LUNG
449,467,SIDM00116,ACH-000343,SIDM00116,NCI-H522,NCIH522,905944.0,NCIH522_LUNG
450,468,SIDM01125,ACH-000378,SIDM01125,NCI-H647,NCIH647,1240191.0,NCIH647_LUNG
451,469,SIDM00244,ACH-002083,SIDM00244,NB69,NB69,,NB69_AUTONOMIC_GANGLIA
452,470,SIDM00574,ACH-001605,SIDM00574,no.10,NO10,908452.0,NO10_CENTRAL_NERVOUS_SYSTEM
453,471,SIDM01203,ACH-002291,SIDM01203,NTERA-2 cl.D1,NTERA2CLD1,908454.0,NTERA2CLD1_TESTIS
454,472,SIDM01081,ACH-000238,SIDM01081,SCC-4,SCC4,910904.0,SCC4_UPPER_AERODIGESTIVE_TRACT
455,473,SIDM00759,ACH-000587,SIDM00759,NCI-H1975,NCIH1975,924244.0,NCIH1975_LUNG
456,474,SIDM01161,ACH-001274,SIDM01161,SW982,SW982,909759.0,SW982_SOFT_TISSUE
457,475,SIDM00382,ACH-000609,SIDM00382,SF126,SF126,909712.0,SF126_CENTRAL_NERVOUS_SYSTEM
458,477,SIDM00082,ACH-001190,SIDM00082,SK-MEL-2,SKMEL2,905955.0,SKMEL2_SKIN
459,478,SIDM00135,ACH-000148,SIDM00135,Hs 578T,HS578T,905957.0,HS578T_BREAST
460,479,SIDM00320,ACH-001233,SIDM00320,VMRC-LCD,VMRCLCD,713869.0,VMRCLCD_LUNG
461,480,SIDM00967,ACH-002181,SIDM00967,OVCA420,OVCA420,1480364.0,OVCA420_OVARY
462,481,SIDM00815,ACH-001418,SIDM00815,UWB1.289,UWB1289,1480374.0,UWB1289_OVARY
463,482,SIDM00859,ACH-001498,SIDM00859,Farage,FARAGE,1297449.0,FARAGE_HAEMATOPOIETIC_AND_LYMPHOID_TISSUE
464,483,SIDM01010,ACH-000053,SIDM01010,KARPAS-299,KARPAS299,907273.0,KARPAS299_HAEMATOPOIETIC_AND_LYMPHOID_TISSUE
465,484,SIDM00926,ACH-000924,SIDM00926,NCI-H2172,NCIH2172,1298353.0,NCIH2172_LUNG
466,485,SIDM00548,ACH-000769,SIDM00548,LK-2,LK2,687787.0,LK2_LUNG
467,487,SIDM00393,ACH-001653,SIDM00393,SK-GT-2,SKGT2,1503364.0,SKGT2_STOMACH
468,488,SIDM01174,ACH-001402,SIDM01174,SW756,SW756,724839.0,SW756_CERVIX
469,489,SIDM01070,ACH-000840,SIDM01070,HCC-366,HCC366,1240144.0,HCC366_LUNG
470,490,SIDM00415,ACH-001639,SIDM00415,ROS-50,ROS50,1331025.0,ROS50_HAEMATOPOIETIC_AND_LYMPHOID_TISSUE
471,491,SIDM00530,ACH-001544,SIDM00530,KYAE-1,KYAE1,1503368.0,KYAE1_OESOPHAGUS
472,492,SIDM00340,ACH-000204,SIDM00340,LP-1,LP1,907791.0,LP1_HAEMATOPOIETIC_AND_LYMPHOID_TISSUE
473,493,SIDM00703,ACH-000929,SIDM00703,NCI-H2110,NCIH2110,1298351.0,NCIH2110_LUNG
474,494,SIDM00321,ACH-000430,SIDM00321,TYK-nu,TYKNU,909774.0,TYKNU_OVARY
475,495,SIDM01048,ACH-000821,SIDM01048,EJM,EJM,1297447.0,EJM_HAEMATOPOIETIC_AND_LYMPHOID_TISSUE
476,497,SIDM00303,ACH-000584,SIDM00303,JHOS-4,JHOS4,1480359.0,JHOS4_OVARY
477,498,SIDM00918,ACH-000103,SIDM00918,Caov-4,CAOV4,949090.0,CAOV4_OVARY
478,499,SIDM00770,ACH-000559,SIDM00770,NCI-H1836,NCIH1836,1240182.0,NCIH1836_LUNG
479,500,SIDM00586,ACH-000475,SIDM00586,huH-1,HUH1,1298146.0,HUH1_LIVER
480,501,SIDM00866,ACH-000374,SIDM00866,HCC1143,HCC1143,749710.0,HCC1143_BREAST
481,502,SIDM00077,ACH-001331,SIDM00077,BICR 10,BICR10,1290724.0,BICR10_UPPER_AERODIGESTIVE_TRACT
482,503,SIDM00509,ACH-000187,SIDM00509,COR-L311,CORL311,687980.0,CORL311_LUNG
483,504,SIDM00511,ACH-000257,SIDM00511,COR-L279,CORL279,910937.0,CORL279_LUNG
484,505,SIDM00628,ACH-000849,SIDM00628,MDA-MB-468,MDAMB468,908123.0,MDAMB468_BREAST
485,506,SIDM00630,ACH-000876,SIDM00630,MDA-MB-415,MDAMB415,924240.0,MDAMB415_BREAST
486,507,SIDM00428,ACH-000294,SIDM00428,NB-4,NB4,1323913.0,NB4_HAEMATOPOIETIC_AND_LYMPHOID_TISSUE
487,508,SIDM00474,ACH-000688,SIDM00474,OV7,OV7,1480360.0,OV7_OVARY
488,509,SIDM00078,ACH-000228,SIDM00078,BICR 31,BICR31,1290725.0,BICR31_UPPER_AERODIGESTIVE_TRACT
489,510,SIDM00324,ACH-001674,SIDM00324,TGW,TGW,910780.0,TGW_AUTONOMIC_GANGLIA
490,511,SIDM00961,ACH-000210,SIDM00961,CADO-ES1,CADOES1,753539.0,CADOES1_BONE
491,512,SIDM00305,ACH-000132,SIDM00305,JHOS-2,JHOS2,1479995.0,JHOS2_OVARY
492,513,SIDM00483,ACH-001654,SIDM00483,SK-GT-4,SKGT4,1503365.0,SKGT4_OESOPHAGUS
493,514,SIDM00194,ACH-000532,SIDM00194,SNU-61,SNU61,1660035.0,SNU61_LARGE_INTESTINE
494,515,SIDM00213,ACH-000903,SIDM00213,FTC-133,FTC133,906864.0,FTC133_THYROID
495,516,SIDM00235,ACH-000189,SIDM00235,RCC10RGB,RCC10RGB,909974.0,RCC10RGB_KIDNEY
496,517,SIDM00247,ACH-000356,SIDM00247,MKN-45,MKN45,925340.0,MKN45_STOMACH
497,518,SIDM00084,ACH-000376,SIDM00084,SF-295,SF295,905985.0,SF295_CENTRAL_NERVOUS_SYSTEM
498,519,SIDM00899,ACH-000222,SIDM00899,AsPC-1,ASPC1,910702.0,ASPC1_PANCREAS
499,520,SIDM01030,ACH-000693,SIDM01030,KYSE-180,KYSE180,907318.0,KYSE180_OESOPHAGUS
500,521,SIDM00844,ACH-000654,SIDM00844,Raji,RAJI,909262.0,RAJI_HAEMATOPOIETIC_AND_LYMPHOID_TISSUE
501,522,SIDM01147,ACH-000427,SIDM01147,NCI-N87,NCIN87,908461.0,NCIN87_STOMACH
502,523,SIDM00505,ACH-000601,SIDM00505,MIA PaCa-2,MIAPACA2,724870.0,MIAPACA2_PANCREAS
503,524,SIDM00495,ACH-000697,SIDM00495,A3/KAW,A3KAW,910935.0,A3KAW_HAEMATOPOIETIC_AND_LYMPHOID_TISSUE
504,526,SIDM00387,ACH-000078,SIDM00387,MHH-NB-11,MHHNB11,908135.0,MHHNB11_AUTONOMIC_GANGLIA
505,527,SIDM00421,ACH-000226,SIDM00421,SUP-M2,SUPM2,1331040.0,SUPM2_HAEMATOPOIETIC_AND_LYMPHOID_TISSUE
506,529,SIDM00132,ACH-000535,SIDM00132,BxPC-3,BXPC3,906693.0,BXPC3_PANCREAS
507,530,SIDM00584,ACH-002142,SIDM00584,HuO-3N1,HUO3N1,909977.0,HUO3N1_BONE
508,531,SIDM00043,ACH-002297,SIDM00043,PCI-4B,PCI4B,1298531.0,PCI4B_UPPER_AERODIGESTIVE_TRACT
509,532,SIDM00498,ACH-000970,SIDM00498,SNU-C5,SNUC5,1674021.0,SNUC5_LARGE_INTESTINE
510,533,SIDM01100,ACH-000366,SIDM01100,SK-N-DZ,SKNDZ,688086.0,SKNDZ_AUTONOMIC_GANGLIA
511,534,SIDM00819,ACH-002189,SIDM00819,RCC-FG2,RCCFG2,1524414.0,RCCFG2_KIDNEY
512,535,SIDM01005,ACH-000263,SIDM01005,KASUMI-1,KASUMI1,907275.0,KASUMI1_HAEMATOPOIETIC_AND_LYMPHOID_TISSUE
513,536,SIDM00088,ACH-000090,SIDM00088,PC-3,PC3,905934.0,PC3_PROSTATE
514,537,SIDM01162,ACH-001398,SIDM01162,SW 156,SW156,1240220.0,SW156_KIDNEY
515,538,SIDM00406,ACH-000660,SIDM00406,SU-DHL-5,SUDHL5,1331036.0,SUDHL5_HAEMATOPOIETIC_AND_LYMPHOID_TISSUE
516,539,SIDM01101,ACH-000260,SIDM01101,SK-N-AS,SKNAS,724828.0,SKNAS_AUTONOMIC_GANGLIA
517,540,SIDM00998,ACH-000137,SIDM00998,8-MG-BA,8MGBA,687562.0,8MGBA_CENTRAL_NERVOUS_SYSTEM
518,541,SIDM00939,ACH-000826,SIDM00939,CAL-12T,CAL12T,753540.0,CAL12T_LUNG
519,542,SIDM01139,ACH-000042,SIDM01139,Panc 02.03,PANC0203,1298475.0,PANC0203_PANCREAS
520,543,SIDM00839,ACH-000950,SIDM00839,LoVo,LOVO,907790.0,LOVO_LARGE_INTESTINE
521,544,SIDM00193,ACH-000991,SIDM00193,SNU-81,SNU81,1660036.0,SNU81_LARGE_INTESTINE
522,545,SIDM00045,ACH-002141,SIDM00045,HSC-39,HSC39,1322224.0,HSC39_STOMACH
523,546,SIDM00363,ACH-000770,SIDM00363,P31/FUJ,P31FUJ,909253.0,P31FUJ_HAEMATOPOIETIC_AND_LYMPHOID_TISSUE
524,547,SIDM00655,ACH-001578,SIDM00655,NCCIT,NCCIT,908441.0,NCCIT_TESTIS
525,548,SIDM00395,ACH-000099,SIDM00395,SIMA,SIMA,753620.0,SIMA_AUTONOMIC_GANGLIA
526,549,SIDM00850,ACH-000880,SIDM00850,AGS,AGS,906790.0,AGS_STOMACH
527,550,SIDM01265,ACH-000763,SIDM01265,MM1-S,MM1S,1659818.0,MM1S_HAEMATOPOIETIC_AND_LYMPHOID_TISSUE
528,551,SIDM00455,ACH-000599,SIDM00455,PA-TU-8902,PATU8902,1298526.0,PATU8902_PANCREAS
529,552,SIDM00591,ACH-002045,SIDM00591,HO-1-u-1,HO1U1,,HO1U1_UPPER_AERODIGESTIVE_TRACT
530,553,SIDM01197,ACH-000722,SIDM01197,SNU-C1,SNUC1,910905.0,SNUC1_LARGE_INTESTINE
531,554,SIDM00578,ACH-000804,SIDM00578,NB-1,NB1,949179.0,NB1_AUTONOMIC_GANGLIA
532,555,SIDM00399,ACH-001227,SIDM00399,UPCI-SCC-090,UPCISCC090,1299052.0,UPCISCC090_UPPER_AERODIGESTIVE_TRACT
533,556,SIDM00791,ACH-000551,SIDM00791,K-562,K562,905940.0,K562_HAEMATOPOIETIC_AND_LYMPHOID_TISSUE
534,557,SIDM00493,ACH-001075,SIDM00493,NCI-H292,NCIH292,753604.0,NCIH292_LUNG
535,558,SIDM01137,ACH-000235,SIDM01137,Panc 04.03,PANC0403,1298476.0,PANC0403_PANCREAS
536,559,SIDM00683,ACH-000977,SIDM00683,LNCaP clone FGC,LNCAPCLONEFGC,907788.0,LNCAPCLONEFGC_PROSTATE
537,560,SIDM00905,ACH-001334,SIDM00905,C-4 I,C4I,687506.0,C4I_CERVIX
538,561,SIDM01043,ACH-000913,SIDM01043,ESS-1,ESS1,907000.0,ESS1_ENDOMETRIUM
539,562,SIDM00419,ACH-000424,SIDM00419,TC-71,TC71,1240221.0,TC71_BONE
540,563,SIDM00582,ACH-000281,SIDM00582,KP-2,KP2,1298218.0,KP2_PANCREAS
541,564,SIDM00884,ACH-000699,SIDM00884,HCC1395,HCC1395,749712.0,HCC1395_BREAST
542,565,SIDM00690,ACH-002251,SIDM00690,JHU-029,JHU029,1298156.0,JHU029_UPPER_AERODIGESTIVE_TRACT
543,566,SIDM00590,ACH-000472,SIDM00590,HSC-2,HSC2,753562.0,HSC2_UPPER_AERODIGESTIVE_TRACT
544,567,SIDM00373,ACH-000974,SIDM00373,SNG-M,SNGM,909735.0,SNGM_ENDOMETRIUM
545,568,SIDM00253,ACH-002284,SIDM00253,NB6,NB6,949173.0,NB6_AUTONOMIC_GANGLIA
546,570,SIDM01013,ACH-000106,SIDM01013,JVM-2,JVM2,907269.0,JVM2_HAEMATOPOIETIC_AND_LYMPHOID_TISSUE
547,571,SIDM00867,ACH-000863,SIDM00867,DBTRG-05MG,DBTRG05MG,906835.0,DBTRG05MG_CENTRAL_NERVOUS_SYSTEM
548,572,SIDM00556,ACH-000227,SIDM00556,KP-N-YN,KPNYN,907314.0,KPNYN_AUTONOMIC_GANGLIA
549,573,SIDM00965,ACH-000800,SIDM00965,NCI-H446,NCIH446,688023.0,NCIH446_LUNG
550,574,SIDM00327,ACH-000754,SIDM00327,L-428,L428,907322.0,L428_HAEMATOPOIETIC_AND_LYMPHOID_TISSUE
551,575,SIDM00551,ACH-002263,SIDM00551,KYSE-220,KYSE220,1240167.0,KYSE220_OESOPHAGUS
552,576,SIDM00629,ACH-000573,SIDM00629,MDA-MB-436,MDAMB436,1240172.0,MDAMB436_BREAST
553,577,SIDM00462,ACH-000336,SIDM00462,OCI-AML3,OCIAML3,1290455.0,OCIAML3_HAEMATOPOIETIC_AND_LYMPHOID_TISSUE
554,578,SIDM00675,ACH-000276,SIDM00675,HCC38,HCC38,749717.0,HCC38_BREAST
555,579,SIDM01088,ACH-000965,SIDM01088,RL95-2,RL952,930082.0,RL952_ENDOMETRIUM
556,580,SIDM00708,ACH-000841,SIDM00708,NCI-H2087,NCIH2087,724834.0,NCIH2087_LUNG
557,581,SIDM00209,ACH-002228,SIDM00209,D-423MG,D423MG,946372.0,D423MG_CENTRAL_NERVOUS_SYSTEM
558,582,SIDM00996,ACH-001307,SIDM00996,8505C,8505C,924102.0,8505C_THYROID
559,583,SIDM00689,ACH-000151,SIDM00689,JM1,JM1,1327768.0,JM1_HAEMATOPOIETIC_AND_LYMPHOID_TISSUE
560,584,SIDM00958,ACH-000920,SIDM00958,CML-T1,CMLT1,910951.0,CMLT1_HAEMATOPOIETIC_AND_LYMPHOID_TISSUE
561,585,SIDM00931,ACH-000174,SIDM00931,CAL-62,CAL62,906828.0,CAL62_THYROID
562,586,SIDM01168,ACH-001399,SIDM01168,SW 626,SW626,909753.0,SW626_LARGE_INTESTINE
563,588,SIDM00522,ACH-000749,SIDM00522,DMS 273,DMS273,687985.0,DMS273_LUNG
564,589,SIDM00968,ACH-002140,SIDM00968,Hey,HEY,1479988.0,HEY_OVARY
565,590,SIDM00640,ACH-000335,SIDM00640,MSTO-211H,MSTO211H,908152.0,MSTO211H_PLEURA
566,591,SIDM00449,ACH-000922,SIDM00449,RCH-ACV,RCHACV,1330994.0,RCHACV_HAEMATOPOIETIC_AND_LYMPHOID_TISSUE
567,592,SIDM00250,ACH-000917,SIDM00250,TE-4,TE4,1503371.0,TE4_OESOPHAGUS
568,593,SIDM00252,ACH-001861,SIDM00252,TGBC1TKB,TGBC1TKB,,TGBC1TKB_BILIARY_TRACT
569,594,SIDM00242,ACH-002067,SIDM00242,NOS-1,NOS1,,NOS1_BONE
570,595,SIDM01112,ACH-000748,SIDM01112,SJSA-1,SJSA1,909717.0,SJSA1_BONE
571,596,SIDM00150,ACH-000969,SIDM00150,KM12,KM12,905989.0,KM12_LARGE_INTESTINE
572,597,SIDM00499,ACH-000956,SIDM00499,22Rv1,22RV1,924100.0,22RV1_PROSTATE
573,598,SIDM00182,ACH-002265,SIDM00182,LB771-HNC,LB771HNC,753583.0,LB771HNC_UPPER_AERODIGESTIVE_TRACT
574,599,SIDM00187,ACH-002150,SIDM00187,LB1047-RCC,LB1047RCC,753577.0,LB1047RCC_KIDNEY
575,600,SIDM01033,ACH-000486,SIDM01033,KU-19-19,KU1919,907312.0,KU1919_URINARY_TRACT
576,601,SIDM00425,ACH-000663,SIDM00425,OVTOKO,OVTOKO,1298365.0,OVTOKO_OVARY
577,602,SIDM01041,ACH-001500,SIDM01041,FLO-1,FLO1,1503361.0,FLO1_OESOPHAGUS
578,603,SIDM00608,ACH-000714,SIDM00608,KMS-11,KMS11,1659817.0,KMS11_HAEMATOPOIETIC_AND_LYMPHOID_TISSUE
579,604,SIDM01191,ACH-000364,SIDM01191,U-2 OS,U2OS,909776.0,U2OS_BONE
580,605,SIDM00702,ACH-000311,SIDM00702,NCI-H2122,NCIH2122,722046.0,NCIH2122_LUNG
581,606,SIDM00334,ACH-000879,SIDM00334,MFE-296,MFE296,908130.0,MFE296_ENDOMETRIUM
582,607,SIDM00300,ACH-002156,SIDM00300,LC-1-sq,LC1SQ,1298223.0,LC1SQ_LUNG
583,608,SIDM00139,ACH-000367,SIDM00139,NCI-H226,NCIH226,905941.0,NCIH226_LUNG
584,609,SIDM01188,ACH-000114,SIDM01188,SU.86.86,SU8686,1240218.0,SU8686_PANCREAS
585,610,SIDM01156,ACH-000890,SIDM01156,SW 1271,SW1271,1299062.0,SW1271_LUNG
586,611,SIDM00779,ACH-000491,SIDM00779,NCI-H716,NCIH716,908458.0,NCIH716_LARGE_INTESTINE
587,612,SIDM01016,ACH-000995,SIDM01016,JURKAT,JURKAT,998184.0,JURKAT_HAEMATOPOIETIC_AND_LYMPHOID_TISSUE
588,613,SIDM00504,ACH-001126,SIDM00504,MOG-G-UVW,MOGGUVW,908145.0,MOGGUVW_CENTRAL_NERVOUS_SYSTEM
589,614,SIDM01037,ACH-000711,SIDM01037,JIMT-1,JIMT1,1298157.0,JIMT1_BREAST
590,615,SIDM00472,ACH-001630,SIDM00472,PEO1,PEO1,1480372.0,PEO1_OVARY
591,616,SIDM00042,ACH-002186,SIDM00042,PL4,PL4,1298533.0,PL4_PANCREAS
