GDSC_Drug,Entrez_ID,Ki_nM,source_rows,pAffinity,drug_idx,gene_idx
10113978,771,0.9,1,9.045757490560677,82,75
10113978,759,12.0,1,7.920818753952375,82,67
10113978,760,32.0,1,7.494850021680094,82,68
10113978,3815,6500.0,1,5.187086643357144,82,355
10113978,3718,6900000.0,1,2.1611509092627443,82,348
10113978,768,9.1,1,8.040958607678906,82,74
10172943,207,0.16,2,9.795880017344077,83,23
1018,206358,18000000.0,1,1.7447274948966935,1,1126
10184653,1956,22.825,1,7.641589213793663,84,186
10200390,6850,7.5,1,8.1249387366083,85,635
10302451,9088,2620.0,1,5.581698708680254,86,769
104741,2099,1.04,1,8.98296666070122,24,216
104741,2053,26.0,1,7.585026652029182,24,209
104741,2100,1.39,1,8.856985199745905,24,217
104842,1576,26000.0,1,4.585026652029182,25,159
11152667,1111,3.6,1,8.443697499232712,87,116
11228183,596,4.5,1,8.346787486224656,88,49
11228183,598,30.0,1,7.522878745280337,88,51
11228183,4170,20800.0,1,4.681936665037238,88,379
11228183,599,285.0,1,6.54515513999149,88,52
11228183,572,0.6,1,9.221848749616356,88,47
11234052,2321,60.0,1,7.221848749616356,89,252
11234052,3791,26.0,1,7.585026652029182,89,354
11327430,5591,0.65,1,9.187086643357144,90,512
11338033,983,190.0,2,6.721246399047171,91,104
11338033,1019,67.0,1,7.173925197299173,91,108
11338033,1017,47.0,3,7.327902142064282,91,106
11338033,902,2800.0,1,5.552841968657781,91,100
11338033,8851,18.0,1,7.744727494896693,91,758
11364421,23476,56.0,1,7.251811972993799,92,918
11364421,5347,1.61,1,8.79317412396815,92,479
11404337,596,655.0,1,6.183758700008217,93,49
11404337,134,5000.0,1,5.301029995663981,93,14
11404337,598,4690.0,1,5.328827157284916,93,51
11404337,4170,1500.0,1,5.823908740944319,93,379
11404337,597,1000.0,1,6.0,93,50
11404337,599,4005.0,1,5.397397479579744,93,52
11404337,572,1000.0,1,6.0,93,47
11404337,10017,1000.0,1,6.0,93,820
11433190,4194,35299.5,1,4.452231446135658,94,383
11433190,4193,90.0,1,7.045757490560675,94,382
11455910,596,290.0,1,6.537602002101044,95,49
11455910,598,1110.0,1,5.954677021213342,95,51
11455910,4170,260.0,1,6.585026652029182,95,379
11485656,3815,3800.0,1,5.42021640338319,96,355
11493598,5595,310.0,1,6.508638306165727,97,516
11493598,5594,310.0,1,6.508638306165727,97,515
11493598,1432,310.0,1,6.508638306165727,97,137
11624601,5599,2.0,1,8.698970004336019,98,520
11624601,5601,4.0,1,8.397940008672037,98,522
11624601,5602,52.0,1,7.2839966563652,98,523
11626560,4233,14.0,1,7.853871964321762,99,388
11626560,6098,5.8,1,8.236572006437063,99,580
11626560,238,8.2,1,8.086186147616283,99,28
11634725,6790,540.0,1,6.267606240177031,100,630
11634725,1017,852.0,1,6.0695604052333,100,106
11634725,2932,395.0,1,6.403402904373539,100,289
11655119,7046,38.0,1,7.42021640338319,101,644
11655119,7048,300.0,1,6.522878745280337,101,645
11667893,3815,13000.0,1,4.886056647693163,102,355
11667893,3791,3.0,1,8.522878745280337,102,354
11667893,440275,4400000.0,1,2.356547323513812,102,1152
117072552,10419,6.45,1,8.190440285364732,160,841
11713159,1576,12000.0,1,4.920818753952375,103,159
11713159,5747,9.3,1,8.031517051446064,103,551
11713159,2185,1.5,1,8.823908740944319,103,230
11719003,5594,0.04,1,10.397940008672036,104,515
118693659,23476,88.0,1,7.055517327849831,161,918
118693659,6872,1259.0,1,5.899974269892137,161,636
118693659,6046,175.5,1,6.7557228791981565,161,574
118693659,8019,230.5,1,6.637329070274333,161,700
118693659,676,300.5,1,6.522155523661242,161,63
118693659,138474,2512.0,1,5.599980364934842,161,1106
118693659,1387,6310.0,1,5.199970640755866,161,136
118693659,65980,2512.0,1,5.599980364934842,161,1051
11960529,142,5.1,1,8.292429823902063,105,16
11960529,10038,2.9,1,8.537602002101044,105,821
11977753,2475,2.1,1,8.67778070526608,106,262
123631,1956,6.4,1,8.193820026016112,26,186
123631,3815,4300000.0,1,2.366531544420414,26,355
124886,2739,955000.0,1,3.019996628416253,27,273
126941,1719,0.01,1,11.0,28,175
126941,7298,600.0,1,6.221848749616356,28,668
126941,2539,91000.0,1,4.040958607678906,28,265
126941,471,880.0,1,6.055517327849831,28,39
126941,6472,98000.0,1,4.008773924307505,28,600
126941,6573,3500.0,1,5.455931955649724,28,607
126941,5226,136700.0,1,3.864231485432177,28,452
131634760,4170,0.2,1,9.69897000433602,162,379
135421339,5894,1.7,1,8.769551078621726,163,561
135421339,673,0.16,1,9.795880017344077,163,62
135423438,5159,8.0,1,8.096910013008056,164,447
135423438,2260,32.0,1,7.494850021680094,164,241
135423438,5156,8.4,1,8.075720713938118,164,446
135423438,2321,113.0,1,6.94692155651658,164,252
135423438,2261,5.9,1,8.229147988357855,164,242
135423438,3791,3.8,1,8.42021640338319,164,354
1401,2260,40.5,1,7.392544976785332,2,241
148124,5444,291000.0,1,3.536107011014093,29,480
156414,1956,8.0,1,8.096910013008056,30,186
156414,2064,0.11,1,9.958607314841776,30,211
156414,3815,7800000.0,1,2.107905397309519,30,355
156414,3718,630000.0,1,3.200659450546418,30,348
156414,6195,6200000.0,1,2.2076083105017457,30,581
156422,3815,245000.0,1,3.6108339156354674,31,355
156422,1432,6.4,1,8.193820026016112,31,137
15953870,472,2.0,1,8.698970004336019,107,40
15953870,5289,17.0,1,7.769551078621726,107,461
160355,904,790.0,1,6.102372908709558,32,101
160355,1017,250.0,2,6.6020599913279625,32,106
16722836,3716,105.0,1,6.978810700930062,108,346
16722836,7297,405.0,1,6.392544976785331,108,667
16722836,3718,1002.0,1,5.999132278468773,108,348
16725726,207,1.0,1,9.0,109,23
16725726,208,4.0,1,8.397940008672037,109,24
176158,2931,9.05,1,8.043351420794796,33,288
176158,2932,9.0,1,8.045757490560675,33,289
176870,11309,530.0,1,6.275724130399211,34,883
176870,1956,0.75,1,9.1249387366083,34,186
176870,2064,95.0,1,7.022276394711152,34,211
176870,1576,6300.0,1,5.200659450546418,34,159
176870,3815,1600000.0,1,2.795880017344075,34,355
176870,3718,930000.0,1,3.031517051446065,34,348
176870,28234,41000.0,1,4.3872161432802645,34,948
176870,440275,4400000.0,1,2.356547323513812,34,1152
176870,10599,21000.0,1,4.6777807052660805,34,853
17755052,5293,31.0,1,7.508638306165727,110,465
17755052,5296,70.2,1,7.153662887870195,110,468
17755052,5295,2.56,1,8.59176003468815,110,467
17755052,5290,2.58,1,8.588380294036769,110,462
17755052,5291,70.2,1,7.153662887870195,110,463
17755052,2475,580.0,1,6.236572006437063,110,262
17755052,5294,1.54,1,8.812479279163536,110,466
208908,1956,3.0,1,8.522878745280337,35,186
208908,1576,1700.0,1,5.769551078621726,35,159
208908,1577,37600.0,1,4.424812155072339,35,160
216239,10733,240.0,1,6.619788758288394,36,858
216239,5894,6.0,1,8.221848749616356,36,561
216239,3350,1181.0,1,5.927750102386485,36,318
216239,3815,31000.0,1,4.508638306165727,36,355
216239,673,30.0,1,7.522878745280337,36,62
216239,3356,1959.0,1,5.707965564005264,36,319
216239,3358,417.0,1,6.379863945026242,36,321
216239,3363,7071.0,1,5.150519162756014,36,324
216239,3791,0.12,1,9.920818753952377,36,354
216239,3357,56.0,1,7.251811972993799,36,320
216239,766,8136.0,1,5.089589060085312,36,73
216239,3361,3296.0,1,5.482012796974922,36,322
216239,3362,6213.0,1,5.206698646386885,36,323
216239,768,8100.0,1,5.09151498112135,36,74
216239,10769,30000.0,1,4.522878745280337,36,861
216239,27330,7500000.0,1,2.1249387366083,36,944
216326,51185,1490.0,1,5.826813731587726,37,968
2332,2147,1240.0,1,5.906578314837764,3,223
2332,2159,305.0,1,6.515700160653214,3,226
2332,5340,500000.0,1,3.3010299956639813,3,478
2332,5328,180000.0,1,3.7447274948966935,3,476
2332,5327,910000.0,1,3.040958607678906,3,475
2332,5644,18400.0,1,4.735182176990463,3,533
2332,2155,240000.0,1,3.6197887582883936,3,225
2332,716,398000.0,1,3.4001169279263124,3,66
2332,6768,400000.0,1,3.397940008672037,3,624
2375,367,65.0,1,7.187086643357144,4,36
24180719,5894,3.3,1,8.481486060122112,111,561
24180719,673,2.6,1,8.585026652029182,111,62
24753719,55869,2000.0,1,5.698970004336019,112,1021
24771867,6790,0.998,2,9.000869458712629,113,630
24772860,3326,1.95,1,8.709965388637482,114,316
24772860,7184,462.0,1,6.335358024443874,114,659
24772860,10131,791.0,1,6.101823516502323,114,828
24776445,6608,16.2,1,7.790484985457369,115,613
24821094,695,4.4,1,8.356547323513812,116,64
24821094,3757,1100.0,1,5.958607314841775,116,353
24826799,3791,1.5,1,8.823908740944319,117,354
24856436,9088,535.5,1,6.271240524832125,118,769
24889392,2322,1.6,1,8.795880017344075,119,253
24958200,142,3.2,1,8.494850021680094,120,16
24958200,10038,4.0,1,8.397940008672037,120,821
24978538,596,0.044,1,10.356547323513812,121,49
24978538,598,18.0275,1,7.744064495767038,121,51
24978538,4170,550.0,1,6.259637310505756,121,379
24978538,599,133.0,1,6.876148359032914,121,52
25099184,3717,0.45,1,9.346787486224656,122,347
25102847,3791,0.035,1,10.455931955649724,123,354
25124816,3643,1.3,1,8.886056647693163,124,340
25124816,3480,1.6,1,8.795880017344075,124,328
25126798,3717,0.1,1,10.0,125,347
25126798,3716,0.2,1,9.69897000433602,125,346
25126798,7297,0.525,1,9.279840696594045,125,667
25126798,3718,3.2,1,8.494850021680094,125,348
25126798,7376,45000.0,1,4.346787486224656,125,672
25254071,5290,5.0,1,8.301029995663981,126,462
25254071,2475,17.0,1,7.769551078621726,126,262
2733526,2099,32.595,2,7.486849014623794,50,216
2733526,5243,100.0,1,7.0,50,455
2733526,1576,200.0,1,6.698970004336019,50,159
2733526,1555,900.0,1,6.045757490560675,50,154
2733526,3362,1041.0,1,5.982549270489464,50,323
2733526,10682,5.0,1,8.301029995663981,50,856
2733526,2100,0.51,1,9.292429823902063,50,217
2733526,10280,35.0,1,7.455931955649724,50,833
2733526,84650,2.8,1,8.55284196865778,50,1083
3062316,3717,1000000.0,1,3.0,51,347
3062316,25,30.0,1,7.522878745280337,51,1
3062316,1576,6300.0,1,5.200659450546418,51,159
3062316,3815,1640.0,1,5.785156151952302,51,355
3062316,1636,715000.0,1,3.145693958198919,51,168
3062316,6714,16.0,1,7.795880017344075,51,618
3062316,9088,36.75,1,7.434742656579786,51,769
3062316,440275,1600000.0,1,2.795880017344075,51,1152
31703,11309,230000.0,1,3.638272163982407,16,883
31703,5243,8500.0,1,5.070581074285707,16,455
31703,28234,38000.0,1,4.42021640338319,16,948
31703,55847,3451.0,1,5.462055040708513,16,1019
31703,10599,150000.0,1,3.823908740944319,16,853
3218,53831,24.0,1,7.619788758288394,5,987
36314,5444,16500.0,1,4.782516055786093,17,480
36314,28234,1800.0,1,5.7447274948966935,17,948
36314,10599,840.0,1,6.075720713938118,17,853
36462,5243,522000.0,1,3.282329496997738,18,455
36462,5444,131000.0,1,3.882728704344236,18,480
36462,1244,756000.0,1,3.1214782044987937,18,130
36462,28234,13500.0,1,4.8696662315049934,18,948
387447,771,5870.0,1,5.231361898752386,38,75
387447,2147,13000.0,1,4.886056647693163,38,223
387447,759,1290.0,1,5.889410289700751,38,67
387447,760,1160.0,1,5.935542010773082,38,68
387447,761,4570.0,1,5.34008379993015,38,69
387447,1991,2300.0,1,5.638272163982407,38,192
387447,1511,630.0,1,6.200659450546418,38,151
387447,1504,320.0,1,6.494850021680094,38,148
387447,5689,83.0,1,7.080921907623926,38,541
387447,762,6510.0,1,5.186419011431807,38,70
387447,765,4380.0,1,5.3585258894959,38,72
387447,5693,6.6,1,8.18045606445813,38,543
387447,763,6920.0,1,5.1598939055432425,38,71
387447,766,6940.0,1,5.158640529545146,38,73
387447,768,3380.0,1,5.471083299722345,38,74
387447,377677,8450.0,1,5.073143291050307,38,1146
387447,23632,3280.0,1,5.484126156288321,38,925
387447,11238,6830.0,1,5.165579296318468,38,882
4212,28234,3100.0,1,5.508638306165727,6,948
4261,8841,33.0,1,7.481486060122112,7,755
4261,3065,298.5,1,6.525055664534612,7,296
4261,3066,39.5,1,7.403402904373539,7,297
42642645,6098,16.0,1,7.795880017344075,127,580
42642645,3791,2.8,1,8.55284196865778,127,354
42642645,6608,60.0,1,7.221848749616356,127,613
44259,10733,2.6,1,8.585026652029182,19,858
44259,1111,7.8,1,8.10790539730952,19,116
44259,8573,5.1,1,8.292429823902063,19,737
44259,904,4.35,1,8.361510743045363,19,101
44259,983,1.0,1,9.0,19,104
44259,1019,41.0,1,7.387216143280264,19,108
44259,1017,3.45,2,8.462180904926726,19,106
44259,2931,1.1,1,8.958607314841775,19,288
44259,5347,790.0,1,6.102372908709558,19,479
44259,3702,2.2,1,8.657577319177793,19,344
44259,225689,1.9,1,8.721246399047171,19,1130
44259,10645,0.2,1,9.69897000433602,19,855
44259,1263,1200.0,1,5.920818753952375,19,131
44259,10769,150.0,1,6.823908740944319,19,861
442972,6608,12.7,1,7.896196279044043,39,613
444732,8841,0.58,2,9.236572006437065,40,755
444732,9759,1400.0,1,5.853871964321762,40,808
444732,3065,252.13,2,6.598375476182735,40,296
444732,51548,3320.0,1,5.478861916295964,40,976
444732,51564,195.0,1,6.709965388637482,40,977
444732,3066,0.97,1,9.013228265733757,40,297
444732,83933,4.8,1,8.318758762624412,40,1073
444732,79885,401.0,1,6.396855627379818,40,1062
444732,55869,70.0,1,7.154901959985743,40,1021
444732,10013,0.79,1,9.102372908709558,40,818
444732,9734,800.0,1,6.096910013008056,40,806
444732,10014,2190.0,1,5.6595558851598815,40,819
444795,5914,9.65,1,8.015472686656206,41,562
444795,5915,4.1,1,8.387216143280265,41,563
444795,5916,0.65,1,9.187086643357144,41,564
444795,6256,330.0,1,6.481486060122112,41,587
444795,6257,54.0,1,7.267606240177031,41,588
444795,6258,120.0,1,6.920818753952375,41,589
444795,5300,820.0,1,6.086186147616283,41,471
446378,487,0.1,1,10.0,42,43
446541,3615,10.0,1,8.0,43,335
446541,7364,1750.0,1,5.756961951313706,43,671
446541,3614,40.0,1,7.397940008672037,43,334
447912,6095,132.0,1,6.8794260687941495,44,577
447912,6097,51.0,1,7.292429823902063,44,579
447912,7376,41.0,1,7.387216143280264,44,672
447912,10062,24.0,1,7.619788758288394,44,824
46006640,55733,7400.0,1,5.130768280269024,128,1013
46224516,10919,3.7,1,8.431798275933005,129,864
462382,1508,230.0,1,6.638272163982407,45,149
462382,824,653.0,1,6.185086818724926,45,89
462382,5689,2995.0,1,5.52360317327467,45,541
462382,5693,3.7,1,8.431798275933005,45,543
462382,5690,2925.0,1,5.5338741295818,45,542
46843057,207,0.08,1,10.096910013008056,130,23
46843057,208,2.0,1,8.698970004336019,130,24
46885626,6790,491.0,1,6.308918507877031,131,630
46885626,9212,0.38,2,9.42021640338319,131,779
46885626,22974,492.0,1,6.308034897232639,131,892
46885626,6795,1.5,2,8.823908740944319,131,634
46893585,367,2200.0,1,5.657577319177793,132,36
46907787,23476,12.0,1,7.920818753952375,133,918
46907787,6046,13.0,1,7.886056647693163,133,574
46907787,8019,7.75,1,8.11069829749369,133,700
46907787,676,11.0,1,7.958607314841775,133,63
46926350,983,3.0,1,8.522878745280337,134,104
46926350,1017,1.0,1,9.0,134,106
46926350,8644,70.0,1,7.154901959985743,134,741
46943432,23476,50.0,1,7.301029995663981,135,918
46943432,6046,65.5,1,7.183758700008217,135,574
46943432,8019,61.5,1,7.211124884224583,135,700
49806720,6098,2200.0,1,5.657577319177793,136,580
49846579,596,0.9,1,9.045757490560677,137,49
49846579,598,48.0,1,7.318758762624412,137,51
49846579,599,245.0,1,6.610833915635467,137,52
49846579,572,16000.0,1,4.795880017344075,137,47
49850262,8841,1957.0,1,5.708409174341998,138,755
49850262,9759,5380.0,1,5.269217724333611,138,808
49850262,3065,1737.0,1,5.760200181552902,138,296
49850262,3066,3405.0,1,5.467882883751196,138,297
49850262,55869,1697.0,1,5.770318157682324,138,1021
49850262,10013,3.7,1,8.431798275933005,138,818
4993,1719,30.8,1,7.511449283499555,8,175
4993,1559,51500.0,1,4.288192770958809,8,157
51000408,545,55.0,1,7.259637310505756,139,45
51001932,5293,0.775,1,9.11069829749369,140,465
51001932,5296,53.0,1,7.275724130399211,140,468
51001932,5295,11.895,1,7.924635553626715,140,467
51001932,5290,0.09,1,10.045757490560677,140,462
51001932,5291,31.05,1,7.507938395487401,140,463
51001932,2475,1200.0,1,5.920818753952375,140,262
51001932,5294,0.5245,1,9.280254507470424,140,466
5113032,23411,114.0,1,6.943095148663527,52,915
51371303,6198,20.0,1,7.698970004336019,141,584
5278396,472,2.2,1,8.657577319177793,53,40
5280757,5578,0.48,1,9.318758762624412,54,500
5280757,5580,0.77,1,9.113509274827518,54,502
5284616,2280,1.0,1,9.0,55,246
5284616,2289,3.0,1,8.522878745280337,55,250
5287969,904,1.85,1,8.732828271596986,56,101
5287969,983,55.0,1,7.259637310505756,56,104
5287969,1019,40.0,1,7.397940008672037,56,108
5287969,1017,152.5,2,6.816730156317195,56,106
5287969,2931,82.0,1,7.086186147616283,56,288
5287969,1025,3.0,1,8.522878745280337,56,113
5287969,51574,3.0,1,8.522878745280337,56,979
5287969,225689,120.0,1,6.920818753952375,56,1130
5287969,10645,239.0,1,6.621602099051863,56,855
5291,10733,2200.0,1,5.657577319177793,9,858
5291,771,980.0,1,6.008773924307505,9,75
5291,25,19.5,2,7.709965388637482,9,1
5291,759,31.9,1,7.496209316942819,9,67
5291,760,30.2,1,7.519993057042849,9,68
5291,3932,6893.0,1,5.161591721505813,9,359
5291,761,528.0,1,6.277366077466188,9,69
5291,4067,8376.0,1,5.076963331329214,9,369
5291,1576,14300.0,1,4.844663962534939,9,159
5291,5159,3.0,1,8.522878745280337,9,447
5291,3815,15000.0,1,4.823908740944319,9,355
5291,6714,31000.0,1,4.508638306165727,9,618
5291,4835,39.0,1,7.4089353929735005,9,421
5291,5156,2.0,1,8.698970004336019,9,446
5291,762,4553.0,1,5.34170234969181,9,70
5291,765,392.0,1,6.406713932979542,9,72
5291,763,20200.0,1,4.694648630553377,9,71
5291,766,109.0,1,6.962573502059376,9,73
5291,6850,5000.0,1,5.301029995663981,9,635
5291,768,75.7,1,7.120904120499928,9,74
5291,10769,18000.0,1,4.7447274948966935,9,861
5291,23632,468.0,1,6.329754146925875,9,925
5291,11238,17005.0,1,4.769423363731259,9,882
52912189,23476,61.0,1,7.214670164989233,142,918
52912189,6046,29.5,1,7.530177984021837,142,574
52912189,8019,14.6,1,7.835647144215563,142,700
5311,8841,7.0,2,8.154901959985743,10,755
5311,9611,12.0,1,7.920818753952375,10,800
5311,9759,14000.0,1,4.853871964321762,10,808
5311,3065,26.5,3,7.576754126063192,10,296
5311,51564,129.0,1,6.889410289700751,10,977
5311,3066,40.0,1,7.397940008672037,10,297
5311,83933,50.0,1,7.301029995663981,10,1073
5311,79885,31.0,1,7.508638306165727,10,1062
5311,55869,480.0,1,6.318758762624412,10,1021
5311,10013,21.5,1,7.667561540084394,10,818
5311,9734,57.0,1,7.244125144327507,10,806
5311,10014,36.0,1,7.443697499232712,10,819
5328940,9088,302.0,1,6.51999305704285,57,769
5329102,10733,300.0,1,6.522878745280337,58,858
5329102,3717,410000.0,1,3.3872161432802645,58,347
5329102,9252,1700000.0,1,2.769551078621726,58,780
5329102,8986,2000000.0,1,2.6989700043360187,58,763
5329102,10298,500.0,1,6.301029995663981,58,834
5329102,5159,8.0,1,8.096910013008056,58,447
5329102,3815,410.0,1,6.3872161432802645,58,355
5329102,2321,2.0,1,8.698970004336019,58,252
5329102,3716,49000.0,1,4.309803919971486,58,346
5329102,7297,1600000.0,1,2.795880017344075,58,667
5329102,2324,17.0,1,7.769551078621726,58,254
5329102,3791,9.0,1,8.045757490560675,58,354
5329102,6197,580000.0,1,3.236572006437063,58,583
5329102,3718,1200000.0,1,2.920818753952375,58,348
5329102,8788,6.3,1,8.200659450546418,58,750
5329102,6196,4208500.0,2,2.375872668488083,58,582
5329102,6195,2570000.0,1,2.590066876668706,58,581
5329102,10769,9300.0,1,5.031517051446064,58,861
5329102,57144,500.0,1,6.301029995663981,58,1033
5329102,440275,180000.0,1,3.7447274948966935,58,1152
5329102,27330,2400000.0,1,2.6197887582883936,58,944
5330286,904,282.5,1,6.548981547844543,59,101
5330286,1019,1.9,1,8.721246399047171,59,108
5330286,595,0.2,1,9.69897000433602,59,48
5330286,1021,1108.5,2,5.955264302549493,59,110
5330286,3757,1440.0,1,5.84163750790475,59,353
53315878,10919,3.7,1,8.431798275933005,143,864
53340666,8841,123.0,1,6.910094888560602,144,755
53340666,3065,74.0,1,7.130768280269024,144,296
53340666,3066,204.0,1,6.690369832574101,144,297
53340666,10013,1.0,1,9.0,144,818
54761306,545,0.06,1,10.221848749616356,145,45
5494449,10733,9.35,1,8.029188389127482,60,858
5494449,6790,0.6,1,9.221848749616356,60,630
5494449,3717,190000.0,1,3.721246399047171,60,347
5494449,25,36.0,2,7.443697499232712,60,1
5494449,3932,80.0,1,7.096910013008056,60,359
5494449,3815,240000.0,1,3.6197887582883936,60,355
5494449,1588,30.0,1,7.522878745280337,60,162
5494449,6714,350.0,1,6.455931955649724,60,618
5494449,2322,30.0,1,7.522878745280337,60,253
5494449,6197,6400000.0,1,2.1938200260161125,60,583
5494449,3718,630000.0,1,3.200659450546418,60,348
5494449,8788,36.0,1,7.443697499232712,60,750
5494449,6196,2000000.0,1,2.6989700043360187,60,582
5494449,9212,18.0,1,7.744727494896693,60,779
5494449,54998,0.6,1,9.221848749616356,60,1003
5494449,440275,1900000.0,1,2.721246399047171,60,1152
5494449,6795,4.6,1,8.337242168318426,60,634
56941241,2099,0.37,1,9.431798275933003,146,216
56962336,84444,0.3,1,9.522878745280336,147,1079
57339144,1129,72.0,1,7.142667503568731,148,118
57339144,1132,400.0,1,6.3979400086720375,148,120
57339144,1133,4300.0,1,5.366531544420413,148,121
57339144,1128,97.0,1,7.013228265733755,148,117
57339144,152,860.0,1,6.065501548756432,148,18
57339144,1131,890.0,1,6.050609993355087,148,119
57339144,4986,4000.0,1,5.3979400086720375,148,428
57345410,84444,0.08,1,10.096910013008056,149,1079
5746,3620,25000.0,1,4.6020599913279625,11,337
58423153,596,80.0,1,7.096910013008056,150,49
58423153,5292,0.017,1,10.769551078621726,150,464
58423153,415116,0.23,1,9.638272163982409,150,1151
58423153,57104,0.017,1,10.769551078621726,150,1030
58423153,11040,0.16,1,9.795880017344077,150,871
59472121,3717,150.0,1,6.823908740944319,151,347
59472121,25,59.0,1,7.229147988357855,151,1
59472121,3815,39.0,1,7.4089353929735005,151,355
59472121,5295,140.0,1,6.853871964321762,151,467
59472121,2324,8.0,1,8.096910013008056,151,254
59472121,2322,74.0,1,7.130768280269024,151,253
59472121,6850,190.0,1,6.721246399047171,151,635
59472121,2931,33.0,1,7.481486060122112,151,288
59472121,2932,140.0,1,6.853871964321762,151,289
59472121,4293,15.0,1,7.823908740944319,151,390
59472121,10461,30.0,1,7.522878745280337,151,844
59472121,472,44.0,1,7.356547323513812,151,40
59472121,545,0.1565,1,9.805485658117531,151,45
59472121,8445,26.0,1,7.585026652029182,151,724
5978,5243,213000.0,1,3.671620396561262,12,455
5978,1244,802000.0,1,3.0958256317158366,12,130
5978,28234,13700.0,1,4.863279432843593,12,948
5978,10599,42000.0,1,4.376750709602099,12,853
60838,1576,24000.0,1,4.619788758288394,20,159
60838,43,51.0,1,7.292429823902063,20,5
6253,978,190000.0,1,3.721246399047171,13,103
643462,23762,2600.0,1,5.585026652029182,46,928
644241,771,302.0,1,6.51999305704285,47,75
644241,3717,8539.0,1,5.068592986443427,47,347
644241,25,1.0,1,9.0,47,1
644241,759,29.3,1,7.53313237964589,47,67
644241,760,4.1,1,8.387216143280265,47,68
644241,3643,4101.0,1,5.387110230712516,47,340
644241,3932,2143.0,1,5.668977828958171,47,359
644241,761,443.0,1,6.3535962737769305,47,69
644241,4067,4069.0,1,5.390512310146715,47,369
644241,4233,7099.0,1,5.148802823825839,47,388
644241,5159,2.0,1,8.698970004336019,47,447
644241,2268,7741.0,1,5.11120293254332,47,245
644241,3815,2.0,1,8.698970004336019,47,355
644241,2260,8024.0,1,5.095609079987638,47,241
644241,5156,2.0,1,8.698970004336019,47,446
644241,2263,7220.0,1,5.141462802430361,47,243
644241,762,446.0,1,6.350665141287858,47,70
644241,765,461.0,1,6.336299074610352,47,72
644241,2048,4.0,1,8.397940008672037,47,205
644241,7297,9437.0,1,5.02516604495146,47,667
644241,763,5485.0,1,5.2608233680892695,47,71
644241,2322,3951.0,1,5.403292970318554,47,253
644241,2444,4720.0,1,5.326058001365912,47,261
644241,766,99.0,1,7.00436480540245,47,73
644241,7535,8374.0,1,5.077067043444789,47,692
644241,660,4808.0,1,5.318035541005317,47,61
644241,2050,37.0,1,7.431798275933005,47,207
644241,2047,15.0,1,7.823908740944319,47,204
644241,7010,3604.0,1,5.443215217692975,47,641
644241,4486,8992.0,1,5.046143701775014,47,401
644241,4915,8237.0,1,5.084230934016316,47,425
644241,768,41.9,1,7.377785977033705,47,74
644241,23632,223.0,1,6.651695136951839,47,925
644241,11238,14920.0,1,4.82623117686335,47,882
6445533,8841,4.2,1,8.3767507096021,61,755
6445533,9759,2250.0,1,5.647817481888637,61,808
6445533,3065,0.6,1,9.221848749616356,61,296
6445533,51564,9500.0,1,5.022276394711152,61,977
6445533,3066,1.4,1,8.853871964321762,61,297
6445533,55869,340.0,1,6.468521082957745,61,1021
6445533,10013,9.5,1,8.022276394711152,61,818
6445533,9734,9000.0,1,5.045757490560675,61,806
6445533,10014,420.0,1,6.376750709602099,61,819
6445562,3718,25000.0,1,4.6020599913279625,62,348
6445562,6196,8700000.0,1,2.0604807473813818,62,582
6445562,440275,290000.0,1,3.5376020021010435,62,1152
6450551,10733,4.2,1,8.3767507096021,63,858
6450551,3791,0.2,1,9.69897000433602,63,354
6505803,3320,29.0,1,7.537602002101044,64,315
657237,4907,700000.0,1,3.154901959985743,48,423
66577038,56848,3.6,1,8.443697499232712,152,1025
66577038,8877,3.6,1,8.443697499232712,152,760
6852167,5294,7.0,1,8.154901959985743,65,466
68740,9453,2700.0,1,5.568636235841012,21,794
68740,2224,42.985,1,7.366683068925726,21,235
6914657,10135,0.3,1,9.522878745280336,66,829
6918638,8841,10.25,1,7.989276134608227,67,755
6918638,9759,197.5,1,6.704432900037521,67,808
6918638,3065,13.45,1,7.871277715661574,67,296
6918638,51564,63.0,1,7.200659450546418,67,977
6918638,3066,11.45,1,7.941194513324094,67,297
6918638,83933,59.0,1,7.229147988357855,67,1073
6918638,79885,27.0,1,7.568636235841012,67,1062
6918638,55869,23.5,1,7.628932137728263,67,1021
6918638,10013,5.8,1,8.236572006437063,67,818
6918638,9734,137.0,1,6.863279432843593,67,806
6918638,10014,100.0,1,7.0,67,819
6918837,8841,2.3,1,8.638272163982407,68,755
6918837,9759,360.0,1,6.443697499232712,68,808
6918837,3065,2.5,1,8.602059991327963,68,296
6918837,51564,630.0,1,6.200659450546418,68,977
6918837,3066,4.7,1,8.327902142064282,68,297
6918837,83933,18.05,1,7.7435227937583235,68,1073
6918837,79885,601.75,1,6.220583901052932,68,1062
6918837,55869,137.5,1,6.861697301833718,68,1021
6918837,10013,15.75,1,7.80271944187438,68,818
6918837,9734,830.0,1,6.080921907623926,68,806
6918837,10014,57.0,1,7.244125144327507,68,819
6918878,8841,500.0,1,6.301029995663981,69,755
6918878,3066,1.5,1,8.823908740944319,69,297
70676303,5290,2.0,1,8.698970004336019,153,462
70676303,2475,9.0,1,8.045757490560675,153,262
71297207,598,1.1,1,8.958607314841775,154,51
71496458,1956,14.0,1,7.853871964321762,155,186
71496458,2064,2.7,1,8.568636235841012,155,211
71522234,23028,55.0,1,7.259637310505756,156,896
71522234,2950,50.0,1,7.301029995663981,156,291
71576693,695,3.2,1,8.494850021680094,157,64
71748056,695,14.0,1,7.853871964321762,158,64
73707530,695,2.0,1,8.698970004336019,159,64
76044,3832,118.0,1,6.928117992693874,22,356
82146,5914,2816.5,1,5.550290244428631,23,562
82146,5915,2701.5,1,5.568395028124785,23,563
82146,5916,1668.0,1,5.77780395369828,23,564
82146,6256,150.0,1,6.823908740944319,23,587
82146,6257,21.0,1,7.67778070526608,23,588
82146,6258,29.0,1,7.537602002101044,23,589
8249,1719,140000.0,1,3.853871964321762,14,175
864,231,25500.0,1,4.5934598195660445,0,27
9444,140,3680.0,1,5.434152181326482,15,15
9444,134,2010.0,1,5.696803942579511,15,14
9549297,2185,10.47,1,7.980053318321158,70,230
9810884,9475,2.35,1,8.628932137728263,71,795
9810884,6093,28.0,1,7.552841968657781,71,576
9813758,3551,300.0,1,6.522878745280337,72,330
9826308,10733,163.0,1,6.787812395596042,73,858
9826308,5347,4.8,1,8.318758762624412,73,479
9826308,1263,8.0,1,8.096910013008056,73,131
9826308,10769,3.8,1,8.42021640338319,73,861
9868037,1576,24000.0,1,4.619788758288394,74,159
9884685,2475,20.0,1,7.698970004336019,75,262
9903786,3717,5.0,1,8.301029995663981,76,347
9908783,5293,20.0,1,7.698970004336019,77,465
9908783,5295,16.3,1,7.787812395596042,77,467
9910224,1909,13.0,1,7.886056647693163,78,185
9911830,3791,6.5,1,8.187086643357144,79,354
992586,596,17415.0,1,4.759076521205745,49,49
992586,598,32990.0,1,4.4816176844546565,49,51
992586,4170,490.0,1,6.309803919971486,49,379
992586,597,5330.0,1,5.273272790973428,49,50
992586,599,8190.0,1,5.086716098239581,49,52
9933475,3791,0.5,1,9.30102999566398,80,354
9936746,23476,10.45,1,7.980883709552927,81,918
9936746,6046,13.5,1,7.8696662315049934,81,574
9936746,8019,8.45,1,8.073143291050307,81,700
