feature_idx,feature_name
0,Morgan_0
1,Morgan_1
2,Morgan_2
3,Morgan_3
4,Morgan_4
5,Morgan_5
6,Morgan_6
7,Morgan_7
8,Morgan_8
9,Morgan_9
10,Morgan_10
11,Morgan_11
12,Morgan_12
13,Morgan_13
14,Morgan_14
15,Morgan_15
16,Morgan_16
17,Morgan_17
18,Morgan_18
19,Morgan_19
20,Morgan_20
21,Morgan_21
22,Morgan_22
23,Morgan_23
24,Morgan_24
25,Morgan_25
26,Morgan_26
27,Morgan_27
28,Morgan_28
29,Morgan_29
30,Morgan_30
31,Morgan_31
32,Morgan_32
33,Morgan_33
34,Morgan_34
35,Morgan_35
36,Morgan_36
37,Morgan_37
38,Morgan_38
39,Morgan_39
40,Morgan_40
41,Morgan_41
42,Morgan_42
43,Morgan_43
44,Morgan_44
45,Morgan_45
46,Morgan_46
47,Morgan_47
48,Morgan_48
49,Morgan_49
50,Morgan_50
51,Morgan_51
52,Morgan_52
53,Morgan_53
54,Morgan_54
55,Morgan_55
56,Morgan_56
57,Morgan_57
58,Morgan_58
59,Morgan_59
60,Morgan_60
61,Morgan_61
62,Morgan_62
63,Morgan_63
64,Morgan_64
65,Morgan_65
66,Morgan_66
67,Morgan_67
68,Morgan_68
69,Morgan_69
70,Morgan_70
71,Morgan_71
72,Morgan_72
73,Morgan_73
74,Morgan_74
75,Morgan_75
76,Morgan_76
77,Morgan_77
78,Morgan_78
79,Morgan_79
80,Morgan_80
81,Morgan_81
82,Morgan_82
83,Morgan_83
84,Morgan_84
85,Morgan_85
86,Morgan_86
87,Morgan_87
88,Morgan_88
89,Morgan_89
90,Morgan_90
91,Morgan_91
92,Morgan_92
93,Morgan_93
94,Morgan_94
95,Morgan_95
96,Morgan_96
97,Morgan_97
98,Morgan_98
99,Morgan_99
100,Morgan_100
101,Morgan_101
102,Morgan_102
103,Morgan_103
104,Morgan_104
105,Morgan_105
106,Morgan_106
107,Morgan_107
108,Morgan_108
109,Morgan_109
110,Morgan_110
111,Morgan_111
112,Morgan_112
113,Morgan_113
114,Morgan_114
115,Morgan_115
116,Morgan_116
117,Morgan_117
118,Morgan_118
119,Morgan_119
120,Morgan_120
121,Morgan_121
122,Morgan_122
123,Morgan_123
124,Morgan_124
125,Morgan_125
126,Morgan_126
127,Morgan_127
128,Morgan_128
129,Morgan_129
130,Morgan_130
131,Morgan_131
132,Morgan_132
133,Morgan_133
134,Morgan_134
135,Morgan_135
136,Morgan_136
137,Morgan_137
138,Morgan_138
139,Morgan_139
140,Morgan_140
141,Morgan_141
142,Morgan_142
143,Morgan_143
144,Morgan_144
145,Morgan_145
146,Morgan_146
147,Morgan_147
148,Morgan_148
149,Morgan_149
150,Morgan_150
151,Morgan_151
152,Morgan_152
153,Morgan_153
154,Morgan_154
155,Morgan_155
156,Morgan_156
157,Morgan_157
158,Morgan_158
159,Morgan_159
160,Morgan_160
161,Morgan_161
162,Morgan_162
163,Morgan_163
164,Morgan_164
165,Morgan_165
166,Morgan_166
167,Morgan_167
168,Morgan_168
169,Morgan_169
170,Morgan_170
171,Morgan_171
172,Morgan_172
173,Morgan_173
174,Morgan_174
175,Morgan_175
176,Morgan_176
177,Morgan_177
178,Morgan_178
179,Morgan_179
180,Morgan_180
181,Morgan_181
182,Morgan_182
183,Morgan_183
184,Morgan_184
185,Morgan_185
186,Morgan_186
187,Morgan_187
188,Morgan_188
189,Morgan_189
190,Morgan_190
191,Morgan_191
192,Morgan_192
193,Morgan_193
194,Morgan_194
195,Morgan_195
196,Morgan_196
197,Morgan_197
198,Morgan_198
199,Morgan_199
200,Morgan_200
201,Morgan_201
202,Morgan_202
203,Morgan_203
204,Morgan_204
205,Morgan_205
206,Morgan_206
207,Morgan_207
208,Morgan_208
209,Morgan_209
210,Morgan_210
211,Morgan_211
212,Morgan_212
213,Morgan_213
214,Morgan_214
215,Morgan_215
216,Morgan_216
217,Morgan_217
218,Morgan_218
219,Morgan_219
220,Morgan_220
221,Morgan_221
222,Morgan_222
223,Morgan_223
224,Morgan_224
225,Morgan_225
226,Morgan_226
227,Morgan_227
228,Morgan_228
229,Morgan_229
230,Morgan_230
231,Morgan_231
232,Morgan_232
233,Morgan_233
234,Morgan_234
235,Morgan_235
236,Morgan_236
237,Morgan_237
238,Morgan_238
239,Morgan_239
240,Morgan_240
241,Morgan_241
242,Morgan_242
243,Morgan_243
244,Morgan_244
245,Morgan_245
246,Morgan_246
247,Morgan_247
248,Morgan_248
249,Morgan_249
250,Morgan_250
251,Morgan_251
252,Morgan_252
253,Morgan_253
254,Morgan_254
255,Morgan_255
256,Morgan_256
257,Morgan_257
258,Morgan_258
259,Morgan_259
260,Morgan_260
261,Morgan_261
262,Morgan_262
263,Morgan_263
264,Morgan_264
265,Morgan_265
266,Morgan_266
267,Morgan_267
268,Morgan_268
269,Morgan_269
270,Morgan_270
271,Morgan_271
272,Morgan_272
273,Morgan_273
274,Morgan_274
275,Morgan_275
276,Morgan_276
277,Morgan_277
278,Morgan_278
279,Morgan_279
280,Morgan_280
281,Morgan_281
282,Morgan_282
283,Morgan_283
284,Morgan_284
285,Morgan_285
286,Morgan_286
287,Morgan_287
288,Morgan_288
289,Morgan_289
290,Morgan_290
291,Morgan_291
292,Morgan_292
293,Morgan_293
294,Morgan_294
295,Morgan_295
296,Morgan_296
297,Morgan_297
298,Morgan_298
299,Morgan_299
300,Morgan_300
301,Morgan_301
302,Morgan_302
303,Morgan_303
304,Morgan_304
305,Morgan_305
306,Morgan_306
307,Morgan_307
308,Morgan_308
309,Morgan_309
310,Morgan_310
311,Morgan_311
312,Morgan_312
313,Morgan_313
314,Morgan_314
315,Morgan_315
316,Morgan_316
317,Morgan_317
318,Morgan_318
319,Morgan_319
320,Morgan_320
321,Morgan_321
322,Morgan_322
323,Morgan_323
324,Morgan_324
325,Morgan_325
326,Morgan_326
327,Morgan_327
328,Morgan_328
329,Morgan_329
330,Morgan_330
331,Morgan_331
332,Morgan_332
333,Morgan_333
334,Morgan_334
335,Morgan_335
336,Morgan_336
337,Morgan_337
338,Morgan_338
339,Morgan_339
340,Morgan_340
341,Morgan_341
342,Morgan_342
343,Morgan_343
344,Morgan_344
345,Morgan_345
346,Morgan_346
347,Morgan_347
348,Morgan_348
349,Morgan_349
350,Morgan_350
351,Morgan_351
352,Morgan_352
353,Morgan_353
354,Morgan_354
355,Morgan_355
356,Morgan_356
357,Morgan_357
358,Morgan_358
359,Morgan_359
360,Morgan_360
361,Morgan_361
362,Morgan_362
363,Morgan_363
364,Morgan_364
365,Morgan_365
366,Morgan_366
367,Morgan_367
368,Morgan_368
369,Morgan_369
370,Morgan_370
371,Morgan_371
372,Morgan_372
373,Morgan_373
374,Morgan_374
375,Morgan_375
376,Morgan_376
377,Morgan_377
378,Morgan_378
379,Morgan_379
380,Morgan_380
381,Morgan_381
382,Morgan_382
383,Morgan_383
384,Morgan_384
385,Morgan_385
386,Morgan_386
387,Morgan_387
388,Morgan_388
389,Morgan_389
390,Morgan_390
391,Morgan_391
392,Morgan_392
393,Morgan_393
394,Morgan_394
395,Morgan_395
396,Morgan_396
397,Morgan_397
398,Morgan_398
399,Morgan_399
400,Morgan_400
401,Morgan_401
402,Morgan_402
403,Morgan_403
404,Morgan_404
405,Morgan_405
406,Morgan_406
407,Morgan_407
408,Morgan_408
409,Morgan_409
410,Morgan_410
411,Morgan_411
412,Morgan_412
413,Morgan_413
414,Morgan_414
415,Morgan_415
416,Morgan_416
417,Morgan_417
418,Morgan_418
419,Morgan_419
420,Morgan_420
421,Morgan_421
422,Morgan_422
423,Morgan_423
424,Morgan_424
425,Morgan_425
426,Morgan_426
427,Morgan_427
428,Morgan_428
429,Morgan_429
430,Morgan_430
431,Morgan_431
432,Morgan_432
433,Morgan_433
434,Morgan_434
435,Morgan_435
436,Morgan_436
437,Morgan_437
438,Morgan_438
439,Morgan_439
440,Morgan_440
441,Morgan_441
442,Morgan_442
443,Morgan_443
444,Morgan_444
445,Morgan_445
446,Morgan_446
447,Morgan_447
448,Morgan_448
449,Morgan_449
450,Morgan_450
451,Morgan_451
452,Morgan_452
453,Morgan_453
454,Morgan_454
455,Morgan_455
456,Morgan_456
457,Morgan_457
458,Morgan_458
459,Morgan_459
460,Morgan_460
461,Morgan_461
462,Morgan_462
463,Morgan_463
464,Morgan_464
465,Morgan_465
466,Morgan_466
467,Morgan_467
468,Morgan_468
469,Morgan_469
470,Morgan_470
471,Morgan_471
472,Morgan_472
473,Morgan_473
474,Morgan_474
475,Morgan_475
476,Morgan_476
477,Morgan_477
478,Morgan_478
479,Morgan_479
480,Morgan_480
481,Morgan_481
482,Morgan_482
483,Morgan_483
484,Morgan_484
485,Morgan_485
486,Morgan_486
487,Morgan_487
488,Morgan_488
489,Morgan_489
490,Morgan_490
491,Morgan_491
492,Morgan_492
493,Morgan_493
494,Morgan_494
495,Morgan_495
496,Morgan_496
497,Morgan_497
498,Morgan_498
499,Morgan_499
500,Morgan_500
501,Morgan_501
502,Morgan_502
503,Morgan_503
504,Morgan_504
505,Morgan_505
506,Morgan_506
507,Morgan_507
508,Morgan_508
509,Morgan_509
510,Morgan_510
511,Morgan_511
512,Morgan_512
513,Morgan_513
514,Morgan_514
515,Morgan_515
516,Morgan_516
517,Morgan_517
518,Morgan_518
519,Morgan_519
520,Morgan_520
521,Morgan_521
522,Morgan_522
523,Morgan_523
524,Morgan_524
525,Morgan_525
526,Morgan_526
527,Morgan_527
528,Morgan_528
529,Morgan_529
530,Morgan_530
531,Morgan_531
532,Morgan_532
533,Morgan_533
534,Morgan_534
535,Morgan_535
536,Morgan_536
537,Morgan_537
538,Morgan_538
539,Morgan_539
540,Morgan_540
541,Morgan_541
542,Morgan_542
543,Morgan_543
544,Morgan_544
545,Morgan_545
546,Morgan_546
547,Morgan_547
548,Morgan_548
549,Morgan_549
550,Morgan_550
551,Morgan_551
552,Morgan_552
553,Morgan_553
554,Morgan_554
555,Morgan_555
556,Morgan_556
557,Morgan_557
558,Morgan_558
559,Morgan_559
560,Morgan_560
561,Morgan_561
562,Morgan_562
563,Morgan_563
564,Morgan_564
565,Morgan_565
566,Morgan_566
567,Morgan_567
568,Morgan_568
569,Morgan_569
570,Morgan_570
571,Morgan_571
572,Morgan_572
573,Morgan_573
574,Morgan_574
575,Morgan_575
576,Morgan_576
577,Morgan_577
578,Morgan_578
579,Morgan_579
580,Morgan_580
581,Morgan_581
582,Morgan_582
583,Morgan_583
584,Morgan_584
585,Morgan_585
586,Morgan_586
587,Morgan_587
588,Morgan_588
589,Morgan_589
590,Morgan_590
591,Morgan_591
592,Morgan_592
593,Morgan_593
594,Morgan_594
595,Morgan_595
596,Morgan_596
597,Morgan_597
598,Morgan_598
599,Morgan_599
600,Morgan_600
601,Morgan_601
602,Morgan_602
603,Morgan_603
604,Morgan_604
605,Morgan_605
606,Morgan_606
607,Morgan_607
608,Morgan_608
609,Morgan_609
610,Morgan_610
611,Morgan_611
612,Morgan_612
613,Morgan_613
614,Morgan_614
615,Morgan_615
616,Morgan_616
617,Morgan_617
618,Morgan_618
619,Morgan_619
620,Morgan_620
621,Morgan_621
622,Morgan_622
623,Morgan_623
624,Morgan_624
625,Morgan_625
626,Morgan_626
627,Morgan_627
628,Morgan_628
629,Morgan_629
630,Morgan_630
631,Morgan_631
632,Morgan_632
633,Morgan_633
634,Morgan_634
635,Morgan_635
636,Morgan_636
637,Morgan_637
638,Morgan_638
639,Morgan_639
640,Morgan_640
641,Morgan_641
642,Morgan_642
643,Morgan_643
644,Morgan_644
645,Morgan_645
646,Morgan_646
647,Morgan_647
648,Morgan_648
649,Morgan_649
650,Morgan_650
651,Morgan_651
652,Morgan_652
653,Morgan_653
654,Morgan_654
655,Morgan_655
656,Morgan_656
657,Morgan_657
658,Morgan_658
659,Morgan_659
660,Morgan_660
661,Morgan_661
662,Morgan_662
663,Morgan_663
664,Morgan_664
665,Morgan_665
666,Morgan_666
667,Morgan_667
668,Morgan_668
669,Morgan_669
670,Morgan_670
671,Morgan_671
672,Morgan_672
673,Morgan_673
674,Morgan_674
675,Morgan_675
676,Morgan_676
677,Morgan_677
678,Morgan_678
679,Morgan_679
680,Morgan_680
681,Morgan_681
682,Morgan_682
683,Morgan_683
684,Morgan_684
685,Morgan_685
686,Morgan_686
687,Morgan_687
688,Morgan_688
689,Morgan_689
690,Morgan_690
691,Morgan_691
692,Morgan_692
693,Morgan_693
694,Morgan_694
695,Morgan_695
696,Morgan_696
697,Morgan_697
698,Morgan_698
699,Morgan_699
700,Morgan_700
701,Morgan_701
702,Morgan_702
703,Morgan_703
704,Morgan_704
705,Morgan_705
706,Morgan_706
707,Morgan_707
708,Morgan_708
709,Morgan_709
710,Morgan_710
711,Morgan_711
712,Morgan_712
713,Morgan_713
714,Morgan_714
715,Morgan_715
716,Morgan_716
717,Morgan_717
718,Morgan_718
719,Morgan_719
720,Morgan_720
721,Morgan_721
722,Morgan_722
723,Morgan_723
724,Morgan_724
725,Morgan_725
726,Morgan_726
727,Morgan_727
728,Morgan_728
729,Morgan_729
730,Morgan_730
731,Morgan_731
732,Morgan_732
733,Morgan_733
734,Morgan_734
735,Morgan_735
736,Morgan_736
737,Morgan_737
738,Morgan_738
739,Morgan_739
740,Morgan_740
741,Morgan_741
742,Morgan_742
743,Morgan_743
744,Morgan_744
745,Morgan_745
746,Morgan_746
747,Morgan_747
748,Morgan_748
749,Morgan_749
750,Morgan_750
751,Morgan_751
752,Morgan_752
753,Morgan_753
754,Morgan_754
755,Morgan_755
756,Morgan_756
757,Morgan_757
758,Morgan_758
759,Morgan_759
760,Morgan_760
761,Morgan_761
762,Morgan_762
763,Morgan_763
764,Morgan_764
765,Morgan_765
766,Morgan_766
767,Morgan_767
768,Morgan_768
769,Morgan_769
770,Morgan_770
771,Morgan_771
772,Morgan_772
773,Morgan_773
774,Morgan_774
775,Morgan_775
776,Morgan_776
777,Morgan_777
778,Morgan_778
779,Morgan_779
780,Morgan_780
781,Morgan_781
782,Morgan_782
783,Morgan_783
784,Morgan_784
785,Morgan_785
786,Morgan_786
787,Morgan_787
788,Morgan_788
789,Morgan_789
790,Morgan_790
791,Morgan_791
792,Morgan_792
793,Morgan_793
794,Morgan_794
795,Morgan_795
796,Morgan_796
797,Morgan_797
798,Morgan_798
799,Morgan_799
800,Morgan_800
801,Morgan_801
802,Morgan_802
803,Morgan_803
804,Morgan_804
805,Morgan_805
806,Morgan_806
807,Morgan_807
808,Morgan_808
809,Morgan_809
810,Morgan_810
811,Morgan_811
812,Morgan_812
813,Morgan_813
814,Morgan_814
815,Morgan_815
816,Morgan_816
817,Morgan_817
818,Morgan_818
819,Morgan_819
820,Morgan_820
821,Morgan_821
822,Morgan_822
823,Morgan_823
824,Morgan_824
825,Morgan_825
826,Morgan_826
827,Morgan_827
828,Morgan_828
829,Morgan_829
830,Morgan_830
831,Morgan_831
832,Morgan_832
833,Morgan_833
834,Morgan_834
835,Morgan_835
836,Morgan_836
837,Morgan_837
838,Morgan_838
839,Morgan_839
840,Morgan_840
841,Morgan_841
842,Morgan_842
843,Morgan_843
844,Morgan_844
845,Morgan_845
846,Morgan_846
847,Morgan_847
848,Morgan_848
849,Morgan_849
850,Morgan_850
851,Morgan_851
852,Morgan_852
853,Morgan_853
854,Morgan_854
855,Morgan_855
856,Morgan_856
857,Morgan_857
858,Morgan_858
859,Morgan_859
860,Morgan_860
861,Morgan_861
862,Morgan_862
863,Morgan_863
864,Morgan_864
865,Morgan_865
866,Morgan_866
867,Morgan_867
868,Morgan_868
869,Morgan_869
870,Morgan_870
871,Morgan_871
872,Morgan_872
873,Morgan_873
874,Morgan_874
875,Morgan_875
876,Morgan_876
877,Morgan_877
878,Morgan_878
879,Morgan_879
880,Morgan_880
881,Morgan_881
882,Morgan_882
883,Morgan_883
884,Morgan_884
885,Morgan_885
886,Morgan_886
887,Morgan_887
888,Morgan_888
889,Morgan_889
890,Morgan_890
891,Morgan_891
892,Morgan_892
893,Morgan_893
894,Morgan_894
895,Morgan_895
896,Morgan_896
897,Morgan_897
898,Morgan_898
899,Morgan_899
900,Morgan_900
901,Morgan_901
902,Morgan_902
903,Morgan_903
904,Morgan_904
905,Morgan_905
906,Morgan_906
907,Morgan_907
908,Morgan_908
909,Morgan_909
910,Morgan_910
911,Morgan_911
912,Morgan_912
913,Morgan_913
914,Morgan_914
915,Morgan_915
916,Morgan_916
917,Morgan_917
918,Morgan_918
919,Morgan_919
920,Morgan_920
921,Morgan_921
922,Morgan_922
923,Morgan_923
924,Morgan_924
925,Morgan_925
926,Morgan_926
927,Morgan_927
928,Morgan_928
929,Morgan_929
930,Morgan_930
931,Morgan_931
932,Morgan_932
933,Morgan_933
934,Morgan_934
935,Morgan_935
936,Morgan_936
937,Morgan_937
938,Morgan_938
939,Morgan_939
940,Morgan_940
941,Morgan_941
942,Morgan_942
943,Morgan_943
944,Morgan_944
945,Morgan_945
946,Morgan_946
947,Morgan_947
948,Morgan_948
949,Morgan_949
950,Morgan_950
951,Morgan_951
952,Morgan_952
953,Morgan_953
954,Morgan_954
955,Morgan_955
956,Morgan_956
957,Morgan_957
958,Morgan_958
959,Morgan_959
960,Morgan_960
961,Morgan_961
962,Morgan_962
963,Morgan_963
964,Morgan_964
965,Morgan_965
966,Morgan_966
967,Morgan_967
968,Morgan_968
969,Morgan_969
970,Morgan_970
971,Morgan_971
972,Morgan_972
973,Morgan_973
974,Morgan_974
975,Morgan_975
976,Morgan_976
977,Morgan_977
978,Morgan_978
979,Morgan_979
980,Morgan_980
981,Morgan_981
982,Morgan_982
983,Morgan_983
984,Morgan_984
985,Morgan_985
986,Morgan_986
987,Morgan_987
988,Morgan_988
989,Morgan_989
990,Morgan_990
991,Morgan_991
992,Morgan_992
993,Morgan_993
994,Morgan_994
995,Morgan_995
996,Morgan_996
997,Morgan_997
998,Morgan_998
999,Morgan_999
1000,Morgan_1000
1001,Morgan_1001
1002,Morgan_1002
1003,Morgan_1003
1004,Morgan_1004
1005,Morgan_1005
1006,Morgan_1006
1007,Morgan_1007
1008,Morgan_1008
1009,Morgan_1009
1010,Morgan_1010
1011,Morgan_1011
1012,Morgan_1012
1013,Morgan_1013
1014,Morgan_1014
1015,Morgan_1015
1016,Morgan_1016
1017,Morgan_1017
1018,Morgan_1018
1019,Morgan_1019
1020,Morgan_1020
1021,Morgan_1021
1022,Morgan_1022
1023,Morgan_1023
