node_idx,Entrez_ID
0,16
1,25
2,27
3,31
4,32
5,43
6,47
7,51
8,52
9,90
10,91
11,92
12,93
13,94
14,134
15,140
16,142
17,143
18,152
19,156
20,157
21,190
22,191
23,207
24,208
25,213
26,219
27,231
28,238
29,240
30,317
31,328
32,329
33,330
34,331
35,351
36,367
37,369
38,444
39,471
40,472
41,476
42,481
43,487
44,488
45,545
46,558
47,572
48,595
49,596
50,597
51,598
52,599
53,604
54,613
55,640
56,641
57,652
58,657
59,658
60,659
61,660
62,673
63,676
64,695
65,706
66,716
67,759
68,760
69,761
70,762
71,763
72,765
73,766
74,768
75,771
76,775
77,780
78,790
79,801
80,805
81,808
82,814
83,815
84,816
85,817
86,818
87,821
88,823
89,824
90,842
91,847
92,861
93,865
94,890
95,891
96,892
97,894
98,896
99,898
100,902
101,904
102,905
103,978
104,983
105,984
106,1017
107,1018
108,1019
109,1020
110,1021
111,1022
112,1024
113,1025
114,1075
115,1080
116,1111
117,1128
118,1129
119,1131
120,1132
121,1133
122,1134
123,1147
124,1192
125,1195
126,1196
127,1198
128,1213
129,1215
130,1244
131,1263
132,1312
133,1326
134,1373
135,1374
136,1387
137,1432
138,1436
139,1445
140,1452
141,1453
142,1455
143,1456
144,1457
145,1459
146,1460
147,1488
148,1504
149,1508
150,1509
151,1511
152,1514
153,1544
154,1555
155,1557
156,1558
157,1559
158,1565
159,1576
160,1577
161,1585
162,1588
163,1592
164,1612
165,1613
166,1621
167,1633
168,1636
169,1642
170,1644
171,1650
172,1653
173,1654
174,1717
175,1719
176,1723
177,1737
178,1760
179,1785
180,1786
181,1794
182,1813
183,1843
184,1859
185,1909
186,1956
187,1969
188,1973
189,1974
190,1977
191,1981
192,1991
193,1994
194,2011
195,2023
196,2030
197,2033
198,2041
199,2042
200,2043
201,2044
202,2045
203,2046
204,2047
205,2048
206,2049
207,2050
208,2051
209,2053
210,2058
211,2064
212,2065
213,2066
214,2078
215,2081
216,2099
217,2100
218,2101
219,2104
220,2115
221,2130
222,2146
223,2147
224,2152
225,2155
226,2159
227,2160
228,2161
229,2181
230,2185
231,2186
232,2194
233,2203
234,2222
235,2224
236,2235
237,2237
238,2241
239,2242
240,2247
241,2260
242,2261
243,2263
244,2264
245,2268
246,2280
247,2281
248,2287
249,2288
250,2289
251,2313
252,2321
253,2322
254,2324
255,2339
256,2342
257,2346
258,2348
259,2350
260,2356
261,2444
262,2475
263,2516
264,2534
265,2539
266,2554
267,2580
268,2597
269,2618
270,2639
271,2645
272,2692
273,2739
274,2744
275,2747
276,2773
277,2805
278,2810
279,2862
280,2868
281,2869
282,2870
283,2872
284,2876
285,2885
286,2908
287,2923
288,2931
289,2932
290,2936
291,2950
292,3005
293,3028
294,3043
295,3055
296,3065
297,3066
298,3073
299,3074
300,3091
301,3094
302,3098
303,3105
304,3146
305,3163
306,3178
307,3265
308,3276
309,3295
310,3297
311,3309
312,3312
313,3313
314,3315
315,3320
316,3326
317,3329
318,3350
319,3356
320,3357
321,3358
322,3361
323,3362
324,3363
325,3376
326,3417
327,3418
328,3480
329,3550
330,3551
331,3553
332,3569
333,3611
334,3614
335,3615
336,3619
337,3620
338,3635
339,3636
340,3643
341,3645
342,3654
343,3690
344,3702
345,3708
346,3716
347,3717
348,3718
349,3735
350,3741
351,3752
352,3753
353,3757
354,3791
355,3815
356,3832
357,3838
358,3845
359,3932
360,3939
361,3945
362,3956
363,3980
364,3984
365,3985
366,4047
367,4048
368,4058
369,4067
370,4117
371,4125
372,4128
373,4129
374,4139
375,4140
376,4141
377,4144
378,4145
379,4170
380,4190
381,4191
382,4193
383,4194
384,4214
385,4215
386,4216
387,4217
388,4233
389,4282
390,4293
391,4294
392,4296
393,4298
394,4313
395,4323
396,4331
397,4350
398,4353
399,4361
400,4363
401,4486
402,4522
403,4593
404,4609
405,4627
406,4638
407,4661
408,4697
409,4698
410,4716
411,4719
412,4720
413,4722
414,4729
415,4738
416,4750
417,4751
418,4752
419,4780
420,4790
421,4835
422,4869
423,4907
424,4914
425,4915
426,4916
427,4921
428,4986
429,5023
430,5025
431,5027
432,5033
433,5034
434,5052
435,5058
436,5062
437,5063
438,5110
439,5111
440,5127
441,5128
442,5129
443,5139
444,5142
445,5147
446,5156
447,5159
448,5163
449,5170
450,5184
451,5218
452,5226
453,5230
454,5241
455,5243
456,5260
457,5261
458,5286
459,5287
460,5288
461,5289
462,5290
463,5291
464,5292
465,5293
466,5294
467,5295
468,5296
469,5297
470,5298
471,5300
472,5305
473,5311
474,5315
475,5327
476,5328
477,5339
478,5340
479,5347
480,5444
481,5468
482,5469
483,5476
484,5478
485,5496
486,5499
487,5520
488,5537
489,5538
490,5547
491,5562
492,5563
493,5564
494,5565
495,5566
496,5567
497,5568
498,5571
499,5576
500,5578
501,5579
502,5580
503,5581
504,5582
505,5583
506,5584
507,5585
508,5586
509,5587
510,5588
511,5590
512,5591
513,5592
514,5593
515,5594
516,5595
517,5596
518,5597
519,5598
520,5599
521,5600
522,5601
523,5602
524,5603
525,5604
526,5605
527,5606
528,5607
529,5608
530,5609
531,5610
532,5613
533,5644
534,5663
535,5682
536,5684
537,5685
538,5686
539,5687
540,5688
541,5689
542,5690
543,5693
544,5694
545,5695
546,5696
547,5698
548,5699
549,5704
550,5717
551,5747
552,5753
553,5834
554,5836
555,5837
556,5859
557,5870
558,5871
559,5879
560,5888
561,5894
562,5914
563,5915
564,5916
565,5917
566,5925
567,5927
568,5928
569,5929
570,5965
571,5970
572,5979
573,6011
574,6046
575,6051
576,6093
577,6095
578,6096
579,6097
580,6098
581,6195
582,6196
583,6197
584,6198
585,6199
586,6240
587,6256
588,6257
589,6258
590,6300
591,6319
592,6331
593,6383
594,6389
595,6390
596,6416
597,6431
598,6446
599,6469
600,6472
601,6510
602,6513
603,6530
604,6531
605,6532
606,6566
607,6573
608,6580
609,6581
610,6582
611,6595
612,6597
613,6608
614,6622
615,6624
616,6646
617,6654
618,6714
619,6723
620,6725
621,6732
622,6733
623,6755
624,6768
625,6774
626,6776
627,6787
628,6788
629,6789
630,6790
631,6792
632,6793
633,6794
634,6795
635,6850
636,6872
637,6885
638,6897
639,6921
640,7006
641,7010
642,7015
643,7016
644,7046
645,7048
646,7053
647,7075
648,7086
649,7099
650,7124
651,7150
652,7153
653,7155
654,7157
655,7158
656,7167
657,7174
658,7182
659,7184
660,7263
661,7272
662,7276
663,7277
664,7294
665,7295
666,7296
667,7297
668,7298
669,7301
670,7329
671,7364
672,7376
673,7398
674,7403
675,7407
676,7415
677,7417
678,7421
679,7430
680,7444
681,7458
682,7465
683,7468
684,7486
685,7494
686,7514
687,7525
688,7529
689,7532
690,7533
691,7534
692,7535
693,7786
694,7846
695,7862
696,7867
697,7874
698,7965
699,8013
700,8019
701,8030
702,8050
703,8078
704,8087
705,8140
706,8239
707,8242
708,8294
709,8317
710,8318
711,8359
712,8360
713,8361
714,8364
715,8365
716,8366
717,8367
718,8368
719,8394
720,8396
721,8408
722,8428
723,8444
724,8445
725,8473
726,8476
727,8491
728,8493
729,8520
730,8536
731,8544
732,8550
733,8558
734,8565
735,8566
736,8569
737,8573
738,8576
739,8607
740,8621
741,8644
742,8647
743,8658
744,8711
745,8714
746,8731
747,8737
748,8767
749,8780
750,8788
751,8798
752,8805
753,8812
754,8814
755,8841
756,8844
757,8850
758,8851
759,8856
760,8877
761,8883
762,8899
763,8986
764,8999
765,9024
766,9039
767,9064
768,9070
769,9088
770,9100
771,9113
772,9123
773,9128
774,9133
775,9138
776,9149
777,9175
778,9201
779,9212
780,9252
781,9261
782,9262
783,9263
784,9344
785,9360
786,9361
787,9368
788,9373
789,9429
790,9439
791,9446
792,9448
793,9451
794,9453
795,9475
796,9493
797,9520
798,9536
799,9578
800,9611
801,9612
802,9641
803,9656
804,9682
805,9706
806,9734
807,9748
808,9759
809,9833
810,9874
811,9891
812,9934
813,9943
814,9970
815,9971
816,9978
817,10000
818,10013
819,10014
820,10017
821,10038
822,10039
823,10055
824,10062
825,10097
826,10110
827,10114
828,10131
829,10135
830,10188
831,10196
832,10257
833,10280
834,10298
835,10309
836,10376
837,10381
838,10383
839,10390
840,10392
841,10419
842,10420
843,10454
844,10461
845,10465
846,10493
847,10494
848,10498
849,10521
850,10558
851,10568
852,10595
853,10599
854,10606
855,10645
856,10682
857,10713
858,10733
859,10746
860,10765
861,10769
862,10783
863,10856
864,10919
865,10926
866,10927
867,10971
868,11004
869,11011
870,11035
871,11040
872,11091
873,11113
874,11140
875,11164
876,11176
877,11177
878,11183
879,11184
880,11200
881,11213
882,11238
883,11309
884,11313
885,11315
886,11329
887,11335
888,22807
889,22848
890,22858
891,22933
892,22974
893,22983
894,23012
895,23020
896,23028
897,23030
898,23043
899,23049
900,23067
901,23081
902,23097
903,23133
904,23135
905,23178
906,23186
907,23193
908,23210
909,23235
910,23358
911,23387
912,23396
913,23408
914,23410
915,23411
916,23435
917,23450
918,23476
919,23569
920,23576
921,23604
922,23613
923,23617
924,23621
925,23632
926,23678
927,23683
928,23762
929,23774
930,25778
931,25818
932,25865
933,25885
934,25976
935,25989
936,26013
937,26227
938,26524
939,26576
940,26986
941,27102
942,27148
943,27154
944,27330
945,27347
946,27436
947,27443
948,28234
949,28985
950,28996
951,29028
952,29072
953,29078
954,29110
955,29117
956,29904
957,29941
958,29952
959,29956
960,30001
961,30811
962,50487
963,50488
964,50507
965,51079
966,51086
967,51135
968,51185
969,51206
970,51265
971,51347
972,51377
973,51422
974,51441
975,51520
976,51548
977,51564
978,51567
979,51574
980,51592
981,51701
982,51752
983,51755
984,51765
985,51776
986,51780
987,53831
988,53904
989,53944
990,54496
991,54505
992,54578
993,54583
994,54625
995,54657
996,54658
997,54681
998,54790
999,54799
1000,54861
1001,54904
1002,54956
1003,54998
1004,55031
1005,55193
1006,55236
1007,55244
1008,55351
1009,55486
1010,55561
1011,55589
1012,55611
1013,55733
1014,55737
1015,55768
1016,55775
1017,55781
1018,55818
1019,55847
1020,55851
1021,55869
1022,55872
1023,56603
1024,56649
1025,56848
1026,56924
1027,56965
1028,56997
1029,57097
1030,57104
1031,57118
1032,57142
1033,57144
1034,57172
1035,57396
1036,57551
1037,57599
1038,57646
1039,57787
1040,60481
1041,64127
1042,64223
1043,64324
1044,64761
1045,64840
1046,65061
1047,65125
1048,65267
1049,65268
1050,65975
1051,65980
1052,79077
1053,79109
1054,79444
1055,79668
1056,79723
1057,79811
1058,79813
1059,79834
1060,79837
1061,79858
1062,79885
1063,79934
1064,80122
1065,80312
1066,80347
1067,80351
1068,80854
1069,81629
1070,81788
1071,83732
1072,83903
1073,83933
1074,83942
1075,83983
1076,84126
1077,84254
1078,84293
1079,84444
1080,84446
1081,84451
1082,84456
1083,84650
1084,84678
1085,84790
1086,84864
1087,84875
1088,84991
1089,85366
1090,85443
1091,89780
1092,89874
1093,91133
1094,91754
1095,91807
1096,92737
1097,112858
1098,113235
1099,114783
1100,115004
1101,120892
1102,121504
1103,122011
1104,130497
1105,131890
1106,138474
1107,139728
1108,140469
1109,140609
1110,140735
1111,140901
1112,146802
1113,147746
1114,150094
1115,154807
1116,165631
1117,166614
1118,167359
1119,197259
1120,200424
1121,200576
1122,201626
1123,202374
1124,203068
1125,204851
1126,206358
1127,219771
1128,219972
1129,221656
1130,225689
1131,246243
1132,253260
1133,255239
1134,256281
1135,282974
1136,283106
1137,283455
1138,284086
1139,285220
1140,340061
1141,340156
1142,341676
1143,347734
1144,373156
1145,374291
1146,377677
1147,387893
1148,388228
1149,389840
1150,390245
1151,415116
1152,440275
1153,493856
1154,494551
1155,728642
1156,100130827
